study_accession	sample_accession	experiment_accession	run_accession	tax_id	scientific_name	experiment_title	fastq_ftp	sra_ftp	barcode
PRJNA203208	SAMN02436946	SRX387272	SRR1043197	10090	Mus musculus	Illumina HiSeq 2000 sequencing; GSM1280063: ESCell_1_ATTAGAC_single; Mus musculus; RNA-Seq	ftp.sra.ebi.ac.uk/vol1/fastq/SRR104/007/SRR1043197/SRR1043197.fastq.gz	ftp.sra.ebi.ac.uk/vol1/srr/SRR104/007/SRR1043197	ATTAGACG
PRJNA203208	SAMN02436946	SRX387272	SRR1043198	10090	Mus musculus	Illumina HiSeq 2000 sequencing; GSM1280063: ESCell_1_ATTAGAC_single; Mus musculus; RNA-Seq	ftp.sra.ebi.ac.uk/vol1/fastq/SRR104/008/SRR1043198/SRR1043198.fastq.gz	ftp.sra.ebi.ac.uk/vol1/srr/SRR104/008/SRR1043198	ATTAGACG
PRJNA203208	SAMN02436950	SRX387273	SRR1043199	10090	Mus musculus	Illumina HiSeq 2000 sequencing; GSM1280064: ESCell_2_ACGAGTC_single; Mus musculus; RNA-Seq	ftp.sra.ebi.ac.uk/vol1/fastq/SRR104/009/SRR1043199/SRR1043199.fastq.gz	ftp.sra.ebi.ac.uk/vol1/srr/SRR104/009/SRR1043199	ACGAGTCT
PRJNA203208	SAMN02436950	SRX387273	SRR1043200	10090	Mus musculus	Illumina HiSeq 2000 sequencing; GSM1280064: ESCell_2_ACGAGTC_single; Mus musculus; RNA-Seq	ftp.sra.ebi.ac.uk/vol1/fastq/SRR104/000/SRR1043200/SRR1043200.fastq.gz	ftp.sra.ebi.ac.uk/vol1/srr/SRR104/000/SRR1043200	ACGAGTCT
PRJNA203208	SAMN02436947	SRX387274	SRR1043201	10090	Mus musculus	Illumina HiSeq 2000 sequencing; GSM1280065: ESCell_3_TGACGTG_single; Mus musculus; RNA-Seq	ftp.sra.ebi.ac.uk/vol1/fastq/SRR104/001/SRR1043201/SRR1043201.fastq.gz	ftp.sra.ebi.ac.uk/vol1/srr/SRR104/001/SRR1043201	TGACGTGC
PRJNA203208	SAMN02436947	SRX387274	SRR1043202	10090	Mus musculus	Illumina HiSeq 2000 sequencing; GSM1280065: ESCell_3_TGACGTG_single; Mus musculus; RNA-Seq	ftp.sra.ebi.ac.uk/vol1/fastq/SRR104/002/SRR1043202/SRR1043202.fastq.gz	ftp.sra.ebi.ac.uk/vol1/srr/SRR104/002/SRR1043202	TGACGTGC
PRJNA203208	SAMN02436948	SRX387275	SRR1043203	10090	Mus musculus	Illumina HiSeq 2000 sequencing; GSM1280066: ESCell_4_GTCGTTG_single; Mus musculus; RNA-Seq	ftp.sra.ebi.ac.uk/vol1/fastq/SRR104/003/SRR1043203/SRR1043203.fastq.gz	ftp.sra.ebi.ac.uk/vol1/srr/SRR104/003/SRR1043203	GTCGTTGA
PRJNA203208	SAMN02436948	SRX387275	SRR1043204	10090	Mus musculus	Illumina HiSeq 2000 sequencing; GSM1280066: ESCell_4_GTCGTTG_single; Mus musculus; RNA-Seq	ftp.sra.ebi.ac.uk/vol1/fastq/SRR104/004/SRR1043204/SRR1043204.fastq.gz	ftp.sra.ebi.ac.uk/vol1/srr/SRR104/004/SRR1043204	GTCGTTGA
PRJNA203208	SAMN02436951	SRX387276	SRR1043205	10090	Mus musculus	Illumina HiSeq 2000 sequencing; GSM1280067: ESCell_5_CGCTAAA_single; Mus musculus; RNA-Seq	ftp.sra.ebi.ac.uk/vol1/fastq/SRR104/005/SRR1043205/SRR1043205.fastq.gz	ftp.sra.ebi.ac.uk/vol1/srr/SRR104/005/SRR1043205	CGCTAAAT
PRJNA203208	SAMN02436951	SRX387276	SRR1043206	10090	Mus musculus	Illumina HiSeq 2000 sequencing; GSM1280067: ESCell_5_CGCTAAA_single; Mus musculus; RNA-Seq	ftp.sra.ebi.ac.uk/vol1/fastq/SRR104/006/SRR1043206/SRR1043206.fastq.gz	ftp.sra.ebi.ac.uk/vol1/srr/SRR104/006/SRR1043206	CGCTAAAT
PRJNA203208	SAMN02436952	SRX387277	SRR1043207	10090	Mus musculus	Illumina HiSeq 2000 sequencing; GSM1280068: ESCell_6_GTCTGTA_single; Mus musculus; RNA-Seq	ftp.sra.ebi.ac.uk/vol1/fastq/SRR104/007/SRR1043207/SRR1043207.fastq.gz	ftp.sra.ebi.ac.uk/vol1/srr/SRR104/007/SRR1043207	GTCTGTAT
PRJNA203208	SAMN02436952	SRX387277	SRR1043208	10090	Mus musculus	Illumina HiSeq 2000 sequencing; GSM1280068: ESCell_6_GTCTGTA_single; Mus musculus; RNA-Seq	ftp.sra.ebi.ac.uk/vol1/fastq/SRR104/008/SRR1043208/SRR1043208.fastq.gz	ftp.sra.ebi.ac.uk/vol1/srr/SRR104/008/SRR1043208	GTCTGTAT
PRJNA203208	SAMN02436957	SRX387278	SRR1043209	10090	Mus musculus	Illumina HiSeq 2000 sequencing; GSM1280069: ESCell_7_CCTACGC_single; Mus musculus; RNA-Seq	ftp.sra.ebi.ac.uk/vol1/fastq/SRR104/009/SRR1043209/SRR1043209.fastq.gz	ftp.sra.ebi.ac.uk/vol1/srr/SRR104/009/SRR1043209	CCTACGCA
PRJNA203208	SAMN02436957	SRX387278	SRR1043210	10090	Mus musculus	Illumina HiSeq 2000 sequencing; GSM1280069: ESCell_7_CCTACGC_single; Mus musculus; RNA-Seq	ftp.sra.ebi.ac.uk/vol1/fastq/SRR104/000/SRR1043210/SRR1043210.fastq.gz	ftp.sra.ebi.ac.uk/vol1/srr/SRR104/000/SRR1043210	CCTACGCA
PRJNA203208	SAMN02436949	SRX387279	SRR1043211	10090	Mus musculus	Illumina HiSeq 2000 sequencing; GSM1280070: ESCell_8_GAGCTCC_single; Mus musculus; RNA-Seq	ftp.sra.ebi.ac.uk/vol1/fastq/SRR104/001/SRR1043211/SRR1043211.fastq.gz	ftp.sra.ebi.ac.uk/vol1/srr/SRR104/001/SRR1043211	GAGCTCCA
PRJNA203208	SAMN02436949	SRX387279	SRR1043212	10090	Mus musculus	Illumina HiSeq 2000 sequencing; GSM1280070: ESCell_8_GAGCTCC_single; Mus musculus; RNA-Seq	ftp.sra.ebi.ac.uk/vol1/fastq/SRR104/002/SRR1043212/SRR1043212.fastq.gz	ftp.sra.ebi.ac.uk/vol1/srr/SRR104/002/SRR1043212	GAGCTCCA
PRJNA203208	SAMN02436953	SRX387280	SRR1043213	10090	Mus musculus	Illumina HiSeq 2000 sequencing; GSM1280071: ESCell_9_GGTATTC_single; Mus musculus; RNA-Seq	ftp.sra.ebi.ac.uk/vol1/fastq/SRR104/003/SRR1043213/SRR1043213.fastq.gz	ftp.sra.ebi.ac.uk/vol1/srr/SRR104/003/SRR1043213	GGTATTCA
PRJNA203208	SAMN02436953	SRX387280	SRR1043214	10090	Mus musculus	Illumina HiSeq 2000 sequencing; GSM1280071: ESCell_9_GGTATTC_single; Mus musculus; RNA-Seq	ftp.sra.ebi.ac.uk/vol1/fastq/SRR104/004/SRR1043214/SRR1043214.fastq.gz	ftp.sra.ebi.ac.uk/vol1/srr/SRR104/004/SRR1043214	GGTATTCA
PRJNA203208	SAMN02436956	SRX387281	SRR1043215	10090	Mus musculus	Illumina HiSeq 2000 sequencing; GSM1280072: ESCell_10_GTGTGAG_single; Mus musculus; RNA-Seq	ftp.sra.ebi.ac.uk/vol1/fastq/SRR104/005/SRR1043215/SRR1043215.fastq.gz	ftp.sra.ebi.ac.uk/vol1/srr/SRR104/005/SRR1043215	GTGTGAGA
PRJNA203208	SAMN02436956	SRX387281	SRR1043216	10090	Mus musculus	Illumina HiSeq 2000 sequencing; GSM1280072: ESCell_10_GTGTGAG_single; Mus musculus; RNA-Seq	ftp.sra.ebi.ac.uk/vol1/fastq/SRR104/006/SRR1043216/SRR1043216.fastq.gz	ftp.sra.ebi.ac.uk/vol1/srr/SRR104/006/SRR1043216	GTGTGAGA
PRJNA203208	SAMN02436955	SRX387282	SRR1043217	10090	Mus musculus	Illumina HiSeq 2000 sequencing; GSM1280073: ESCell_11_TACCAGT_single; Mus musculus; RNA-Seq	ftp.sra.ebi.ac.uk/vol1/fastq/SRR104/007/SRR1043217/SRR1043217.fastq.gz	ftp.sra.ebi.ac.uk/vol1/srr/SRR104/007/SRR1043217	TACCAGTA
PRJNA203208	SAMN02436955	SRX387282	SRR1043218	10090	Mus musculus	Illumina HiSeq 2000 sequencing; GSM1280073: ESCell_11_TACCAGT_single; Mus musculus; RNA-Seq	ftp.sra.ebi.ac.uk/vol1/fastq/SRR104/008/SRR1043218/SRR1043218.fastq.gz	ftp.sra.ebi.ac.uk/vol1/srr/SRR104/008/SRR1043218	TACCAGTA
PRJNA203208	SAMN02436954	SRX387283	SRR1043219	10090	Mus musculus	Illumina HiSeq 2000 sequencing; GSM1280074: ESCell_12_CCTATCG_single; Mus musculus; RNA-Seq	ftp.sra.ebi.ac.uk/vol1/fastq/SRR104/009/SRR1043219/SRR1043219.fastq.gz	ftp.sra.ebi.ac.uk/vol1/srr/SRR104/009/SRR1043219	CCTATCGT
PRJNA203208	SAMN02436954	SRX387283	SRR1043220	10090	Mus musculus	Illumina HiSeq 2000 sequencing; GSM1280074: ESCell_12_CCTATCG_single; Mus musculus; RNA-Seq	ftp.sra.ebi.ac.uk/vol1/fastq/SRR104/000/SRR1043220/SRR1043220.fastq.gz	ftp.sra.ebi.ac.uk/vol1/srr/SRR104/000/SRR1043220	CCTATCGT
PRJNA203208	SAMN02436958	SRX387284	SRR1043221	10090	Mus musculus	Illumina HiSeq 2000 sequencing; GSM1280075: ESCell_13_TCGACAT_single; Mus musculus; RNA-Seq	ftp.sra.ebi.ac.uk/vol1/fastq/SRR104/001/SRR1043221/SRR1043221.fastq.gz	ftp.sra.ebi.ac.uk/vol1/srr/SRR104/001/SRR1043221	TCGACATC
PRJNA203208	SAMN02436958	SRX387284	SRR1043222	10090	Mus musculus	Illumina HiSeq 2000 sequencing; GSM1280075: ESCell_13_TCGACAT_single; Mus musculus; RNA-Seq	ftp.sra.ebi.ac.uk/vol1/fastq/SRR104/002/SRR1043222/SRR1043222.fastq.gz	ftp.sra.ebi.ac.uk/vol1/srr/SRR104/002/SRR1043222	TCGACATC
PRJNA203208	SAMN02436959	SRX387285	SRR1043223	10090	Mus musculus	Illumina HiSeq 2000 sequencing; GSM1280076: ESCell_14_ACCCGTA_single; Mus musculus; RNA-Seq	ftp.sra.ebi.ac.uk/vol1/fastq/SRR104/003/SRR1043223/SRR1043223.fastq.gz	ftp.sra.ebi.ac.uk/vol1/srr/SRR104/003/SRR1043223	ACCCGTAA
PRJNA203208	SAMN02436959	SRX387285	SRR1043224	10090	Mus musculus	Illumina HiSeq 2000 sequencing; GSM1280076: ESCell_14_ACCCGTA_single; Mus musculus; RNA-Seq	ftp.sra.ebi.ac.uk/vol1/fastq/SRR104/004/SRR1043224/SRR1043224.fastq.gz	ftp.sra.ebi.ac.uk/vol1/srr/SRR104/004/SRR1043224	ACCCGTAA
PRJNA203208	SAMN02436960	SRX387286	SRR1043225	10090	Mus musculus	Illumina HiSeq 2000 sequencing; GSM1280077: ESCell_15_ATGCTGT_single; Mus musculus; RNA-Seq	ftp.sra.ebi.ac.uk/vol1/fastq/SRR104/005/SRR1043225/SRR1043225.fastq.gz	ftp.sra.ebi.ac.uk/vol1/srr/SRR104/005/SRR1043225	ATGCTGTG
PRJNA203208	SAMN02436960	SRX387286	SRR1043226	10090	Mus musculus	Illumina HiSeq 2000 sequencing; GSM1280077: ESCell_15_ATGCTGT_single; Mus musculus; RNA-Seq	ftp.sra.ebi.ac.uk/vol1/fastq/SRR104/006/SRR1043226/SRR1043226.fastq.gz	ftp.sra.ebi.ac.uk/vol1/srr/SRR104/006/SRR1043226	ATGCTGTG
PRJNA203208	SAMN02436963	SRX387287	SRR1043227	10090	Mus musculus	Illumina HiSeq 2000 sequencing; GSM1280078: ESCell_16_TGTCAAA_single; Mus musculus; RNA-Seq	ftp.sra.ebi.ac.uk/vol1/fastq/SRR104/007/SRR1043227/SRR1043227.fastq.gz	ftp.sra.ebi.ac.uk/vol1/srr/SRR104/007/SRR1043227	TGTCAAAG
PRJNA203208	SAMN02436963	SRX387287	SRR1043228	10090	Mus musculus	Illumina HiSeq 2000 sequencing; GSM1280078: ESCell_16_TGTCAAA_single; Mus musculus; RNA-Seq	ftp.sra.ebi.ac.uk/vol1/fastq/SRR104/008/SRR1043228/SRR1043228.fastq.gz	ftp.sra.ebi.ac.uk/vol1/srr/SRR104/008/SRR1043228	TGTCAAAG
PRJNA203208	SAMN02436964	SRX387288	SRR1043229	10090	Mus musculus	Illumina HiSeq 2000 sequencing; GSM1280079: ESCell_17_CTTGAAG_single; Mus musculus; RNA-Seq	ftp.sra.ebi.ac.uk/vol1/fastq/SRR104/009/SRR1043229/SRR1043229.fastq.gz	ftp.sra.ebi.ac.uk/vol1/srr/SRR104/009/SRR1043229	CTTGAAGG
PRJNA203208	SAMN02436964	SRX387288	SRR1043230	10090	Mus musculus	Illumina HiSeq 2000 sequencing; GSM1280079: ESCell_17_CTTGAAG_single; Mus musculus; RNA-Seq	ftp.sra.ebi.ac.uk/vol1/fastq/SRR104/000/SRR1043230/SRR1043230.fastq.gz	ftp.sra.ebi.ac.uk/vol1/srr/SRR104/000/SRR1043230	CTTGAAGG
PRJNA203208	SAMN02436961	SRX387289	SRR1043231	10090	Mus musculus	Illumina HiSeq 2000 sequencing; GSM1280080: ESCell_18_CAGGACT_single; Mus musculus; RNA-Seq	ftp.sra.ebi.ac.uk/vol1/fastq/SRR104/001/SRR1043231/SRR1043231.fastq.gz	ftp.sra.ebi.ac.uk/vol1/srr/SRR104/001/SRR1043231	CAGGACTC
PRJNA203208	SAMN02436961	SRX387289	SRR1043232	10090	Mus musculus	Illumina HiSeq 2000 sequencing; GSM1280080: ESCell_18_CAGGACT_single; Mus musculus; RNA-Seq	ftp.sra.ebi.ac.uk/vol1/fastq/SRR104/002/SRR1043232/SRR1043232.fastq.gz	ftp.sra.ebi.ac.uk/vol1/srr/SRR104/002/SRR1043232	CAGGACTC
PRJNA203208	SAMN02436966	SRX387290	SRR1043233	10090	Mus musculus	Illumina HiSeq 2000 sequencing; GSM1280081: ESCell_19_TCAGTGT_single; Mus musculus; RNA-Seq	ftp.sra.ebi.ac.uk/vol1/fastq/SRR104/003/SRR1043233/SRR1043233.fastq.gz	ftp.sra.ebi.ac.uk/vol1/srr/SRR104/003/SRR1043233	TCAGTGTG
PRJNA203208	SAMN02436966	SRX387290	SRR1043234	10090	Mus musculus	Illumina HiSeq 2000 sequencing; GSM1280081: ESCell_19_TCAGTGT_single; Mus musculus; RNA-Seq	ftp.sra.ebi.ac.uk/vol1/fastq/SRR104/004/SRR1043234/SRR1043234.fastq.gz	ftp.sra.ebi.ac.uk/vol1/srr/SRR104/004/SRR1043234	TCAGTGTG
PRJNA203208	SAMN02436962	SRX387291	SRR1043235	10090	Mus musculus	Illumina HiSeq 2000 sequencing; GSM1280082: ESCell_20_CCTGTAA_single; Mus musculus; RNA-Seq	ftp.sra.ebi.ac.uk/vol1/fastq/SRR104/005/SRR1043235/SRR1043235.fastq.gz	ftp.sra.ebi.ac.uk/vol1/srr/SRR104/005/SRR1043235	CCTGTAAC
PRJNA203208	SAMN02436962	SRX387291	SRR1043236	10090	Mus musculus	Illumina HiSeq 2000 sequencing; GSM1280082: ESCell_20_CCTGTAA_single; Mus musculus; RNA-Seq	ftp.sra.ebi.ac.uk/vol1/fastq/SRR104/006/SRR1043236/SRR1043236.fastq.gz	ftp.sra.ebi.ac.uk/vol1/srr/SRR104/006/SRR1043236	CCTGTAAC
PRJNA203208	SAMN02436965	SRX387292	SRR1043237	10090	Mus musculus	Illumina HiSeq 2000 sequencing; GSM1280083: ESCell_21_AAAGGTC_single; Mus musculus; RNA-Seq	ftp.sra.ebi.ac.uk/vol1/fastq/SRR104/007/SRR1043237/SRR1043237.fastq.gz	ftp.sra.ebi.ac.uk/vol1/srr/SRR104/007/SRR1043237	AAAGGTCC
PRJNA203208	SAMN02436965	SRX387292	SRR1043238	10090	Mus musculus	Illumina HiSeq 2000 sequencing; GSM1280083: ESCell_21_AAAGGTC_single; Mus musculus; RNA-Seq	ftp.sra.ebi.ac.uk/vol1/fastq/SRR104/008/SRR1043238/SRR1043238.fastq.gz	ftp.sra.ebi.ac.uk/vol1/srr/SRR104/008/SRR1043238	AAAGGTCC
PRJNA203208	SAMN02436967	SRX387293	SRR1043239	10090	Mus musculus	Illumina HiSeq 2000 sequencing; GSM1280084: ESCell_22_GAACGGA_single; Mus musculus; RNA-Seq	ftp.sra.ebi.ac.uk/vol1/fastq/SRR104/009/SRR1043239/SRR1043239.fastq.gz	ftp.sra.ebi.ac.uk/vol1/srr/SRR104/009/SRR1043239	GAACGGAA
PRJNA203208	SAMN02436967	SRX387293	SRR1043240	10090	Mus musculus	Illumina HiSeq 2000 sequencing; GSM1280084: ESCell_22_GAACGGA_single; Mus musculus; RNA-Seq	ftp.sra.ebi.ac.uk/vol1/fastq/SRR104/000/SRR1043240/SRR1043240.fastq.gz	ftp.sra.ebi.ac.uk/vol1/srr/SRR104/000/SRR1043240	GAACGGAA
PRJNA203208	SAMN02436968	SRX387294	SRR1043241	10090	Mus musculus	Illumina HiSeq 2000 sequencing; GSM1280085: ESCell_23_CAAACAG_single; Mus musculus; RNA-Seq	ftp.sra.ebi.ac.uk/vol1/fastq/SRR104/001/SRR1043241/SRR1043241.fastq.gz	ftp.sra.ebi.ac.uk/vol1/srr/SRR104/001/SRR1043241	CAAACAGT
PRJNA203208	SAMN02436968	SRX387294	SRR1043242	10090	Mus musculus	Illumina HiSeq 2000 sequencing; GSM1280085: ESCell_23_CAAACAG_single; Mus musculus; RNA-Seq	ftp.sra.ebi.ac.uk/vol1/fastq/SRR104/002/SRR1043242/SRR1043242.fastq.gz	ftp.sra.ebi.ac.uk/vol1/srr/SRR104/002/SRR1043242	CAAACAGT
PRJNA203208	SAMN02436969	SRX387295	SRR1043243	10090	Mus musculus	Illumina HiSeq 2000 sequencing; GSM1280086: ESCell_24_AGCCACT_single; Mus musculus; RNA-Seq	ftp.sra.ebi.ac.uk/vol1/fastq/SRR104/003/SRR1043243/SRR1043243.fastq.gz	ftp.sra.ebi.ac.uk/vol1/srr/SRR104/003/SRR1043243	AGCCACTT
PRJNA203208	SAMN02436969	SRX387295	SRR1043244	10090	Mus musculus	Illumina HiSeq 2000 sequencing; GSM1280086: ESCell_24_AGCCACT_single; Mus musculus; RNA-Seq	ftp.sra.ebi.ac.uk/vol1/fastq/SRR104/004/SRR1043244/SRR1043244.fastq.gz	ftp.sra.ebi.ac.uk/vol1/srr/SRR104/004/SRR1043244	AGCCACTT
PRJNA203208	SAMN02436972	SRX387296	SRR1043245	10090	Mus musculus	Illumina HiSeq 2000 sequencing; GSM1280087: ESCell_25_TTGTACA_single; Mus musculus; RNA-Seq	ftp.sra.ebi.ac.uk/vol1/fastq/SRR104/005/SRR1043245/SRR1043245.fastq.gz	ftp.sra.ebi.ac.uk/vol1/srr/SRR104/005/SRR1043245	TTGTACAG
PRJNA203208	SAMN02436972	SRX387296	SRR1043246	10090	Mus musculus	Illumina HiSeq 2000 sequencing; GSM1280087: ESCell_25_TTGTACA_single; Mus musculus; RNA-Seq	ftp.sra.ebi.ac.uk/vol1/fastq/SRR104/006/SRR1043246/SRR1043246.fastq.gz	ftp.sra.ebi.ac.uk/vol1/srr/SRR104/006/SRR1043246	TTGTACAG
PRJNA203208	SAMN02436974	SRX387297	SRR1043247	10090	Mus musculus	Illumina HiSeq 2000 sequencing; GSM1280088: ESCell_26_ACTTTGC_single; Mus musculus; RNA-Seq	ftp.sra.ebi.ac.uk/vol1/fastq/SRR104/007/SRR1043247/SRR1043247.fastq.gz	ftp.sra.ebi.ac.uk/vol1/srr/SRR104/007/SRR1043247	ACTTTGCG
PRJNA203208	SAMN02436974	SRX387297	SRR1043248	10090	Mus musculus	Illumina HiSeq 2000 sequencing; GSM1280088: ESCell_26_ACTTTGC_single; Mus musculus; RNA-Seq	ftp.sra.ebi.ac.uk/vol1/fastq/SRR104/008/SRR1043248/SRR1043248.fastq.gz	ftp.sra.ebi.ac.uk/vol1/srr/SRR104/008/SRR1043248	ACTTTGCG
PRJNA203208	SAMN02436970	SRX387298	SRR1043249	10090	Mus musculus	Illumina HiSeq 2000 sequencing; GSM1280089: ESCell_27_TCATGCA_single; Mus musculus; RNA-Seq	ftp.sra.ebi.ac.uk/vol1/fastq/SRR104/009/SRR1043249/SRR1043249.fastq.gz	ftp.sra.ebi.ac.uk/vol1/srr/SRR104/009/SRR1043249	TCATGCAC
PRJNA203208	SAMN02436970	SRX387298	SRR1043250	10090	Mus musculus	Illumina HiSeq 2000 sequencing; GSM1280089: ESCell_27_TCATGCA_single; Mus musculus; RNA-Seq	ftp.sra.ebi.ac.uk/vol1/fastq/SRR104/000/SRR1043250/SRR1043250.fastq.gz	ftp.sra.ebi.ac.uk/vol1/srr/SRR104/000/SRR1043250	TCATGCAC
PRJNA203208	SAMN02436971	SRX387299	SRR1043251	10090	Mus musculus	Illumina HiSeq 2000 sequencing; GSM1280090: ESCell_28_CTAATGA_single; Mus musculus; RNA-Seq	ftp.sra.ebi.ac.uk/vol1/fastq/SRR104/001/SRR1043251/SRR1043251.fastq.gz	ftp.sra.ebi.ac.uk/vol1/srr/SRR104/001/SRR1043251	CTAATGAC
PRJNA203208	SAMN02436971	SRX387299	SRR1043252	10090	Mus musculus	Illumina HiSeq 2000 sequencing; GSM1280090: ESCell_28_CTAATGA_single; Mus musculus; RNA-Seq	ftp.sra.ebi.ac.uk/vol1/fastq/SRR104/002/SRR1043252/SRR1043252.fastq.gz	ftp.sra.ebi.ac.uk/vol1/srr/SRR104/002/SRR1043252	CTAATGAC
PRJNA203208	SAMN02436973	SRX387300	SRR1043253	10090	Mus musculus	Illumina HiSeq 2000 sequencing; GSM1280091: ESCell_29_AAGGAGC_single; Mus musculus; RNA-Seq	ftp.sra.ebi.ac.uk/vol1/fastq/SRR104/003/SRR1043253/SRR1043253.fastq.gz	ftp.sra.ebi.ac.uk/vol1/srr/SRR104/003/SRR1043253	AAGGAGCT
PRJNA203208	SAMN02436973	SRX387300	SRR1043254	10090	Mus musculus	Illumina HiSeq 2000 sequencing; GSM1280091: ESCell_29_AAGGAGC_single; Mus musculus; RNA-Seq	ftp.sra.ebi.ac.uk/vol1/fastq/SRR104/004/SRR1043254/SRR1043254.fastq.gz	ftp.sra.ebi.ac.uk/vol1/srr/SRR104/004/SRR1043254	AAGGAGCT
PRJNA203208	SAMN02437009	SRX387301	SRR1043255	10090	Mus musculus	Illumina HiSeq 2000 sequencing; GSM1280092: ESCell_30_TCGGGTG_single; Mus musculus; RNA-Seq	ftp.sra.ebi.ac.uk/vol1/fastq/SRR104/005/SRR1043255/SRR1043255.fastq.gz	ftp.sra.ebi.ac.uk/vol1/srr/SRR104/005/SRR1043255	TCGGGTGA
PRJNA203208	SAMN02437009	SRX387301	SRR1043256	10090	Mus musculus	Illumina HiSeq 2000 sequencing; GSM1280092: ESCell_30_TCGGGTG_single; Mus musculus; RNA-Seq	ftp.sra.ebi.ac.uk/vol1/fastq/SRR104/006/SRR1043256/SRR1043256.fastq.gz	ftp.sra.ebi.ac.uk/vol1/srr/SRR104/006/SRR1043256	TCGGGTGA
PRJNA203208	SAMN02437007	SRX387302	SRR1043257	10090	Mus musculus	Illumina HiSeq 2000 sequencing; GSM1280093: ESCell_31_GTGGCAA_single; Mus musculus; RNA-Seq	ftp.sra.ebi.ac.uk/vol1/fastq/SRR104/007/SRR1043257/SRR1043257.fastq.gz	ftp.sra.ebi.ac.uk/vol1/srr/SRR104/007/SRR1043257	GTGGCAAC
PRJNA203208	SAMN02437007	SRX387302	SRR1043258	10090	Mus musculus	Illumina HiSeq 2000 sequencing; GSM1280093: ESCell_31_GTGGCAA_single; Mus musculus; RNA-Seq	ftp.sra.ebi.ac.uk/vol1/fastq/SRR104/008/SRR1043258/SRR1043258.fastq.gz	ftp.sra.ebi.ac.uk/vol1/srr/SRR104/008/SRR1043258	GTGGCAAC
PRJNA203208	SAMN02437005	SRX387303	SRR1043259	10090	Mus musculus	Illumina HiSeq 2000 sequencing; GSM1280094: ESCell_32_TTGGTAC_single; Mus musculus; RNA-Seq	ftp.sra.ebi.ac.uk/vol1/fastq/SRR104/009/SRR1043259/SRR1043259.fastq.gz	ftp.sra.ebi.ac.uk/vol1/srr/SRR104/009/SRR1043259	TTGGTACA
PRJNA203208	SAMN02437005	SRX387303	SRR1043260	10090	Mus musculus	Illumina HiSeq 2000 sequencing; GSM1280094: ESCell_32_TTGGTAC_single; Mus musculus; RNA-Seq	ftp.sra.ebi.ac.uk/vol1/fastq/SRR104/000/SRR1043260/SRR1043260.fastq.gz	ftp.sra.ebi.ac.uk/vol1/srr/SRR104/000/SRR1043260	TTGGTACA
PRJNA203208	SAMN02437010	SRX387304	SRR1043261	10090	Mus musculus	Illumina HiSeq 2000 sequencing; GSM1280095: ESCell_33_ACCTCGT_single; Mus musculus; RNA-Seq	ftp.sra.ebi.ac.uk/vol1/fastq/SRR104/001/SRR1043261/SRR1043261.fastq.gz	ftp.sra.ebi.ac.uk/vol1/srr/SRR104/001/SRR1043261	ACCTCGTT
PRJNA203208	SAMN02437010	SRX387304	SRR1043262	10090	Mus musculus	Illumina HiSeq 2000 sequencing; GSM1280095: ESCell_33_ACCTCGT_single; Mus musculus; RNA-Seq	ftp.sra.ebi.ac.uk/vol1/fastq/SRR104/002/SRR1043262/SRR1043262.fastq.gz	ftp.sra.ebi.ac.uk/vol1/srr/SRR104/002/SRR1043262	ACCTCGTT
PRJNA203208	SAMN02437006	SRX387305	SRR1043263	10090	Mus musculus	Illumina HiSeq 2000 sequencing; GSM1280096: ESCell_34_TGGTGGC_single; Mus musculus; RNA-Seq	ftp.sra.ebi.ac.uk/vol1/fastq/SRR104/003/SRR1043263/SRR1043263.fastq.gz	ftp.sra.ebi.ac.uk/vol1/srr/SRR104/003/SRR1043263	TGGTGGCT
PRJNA203208	SAMN02437006	SRX387305	SRR1043264	10090	Mus musculus	Illumina HiSeq 2000 sequencing; GSM1280096: ESCell_34_TGGTGGC_single; Mus musculus; RNA-Seq	ftp.sra.ebi.ac.uk/vol1/fastq/SRR104/004/SRR1043264/SRR1043264.fastq.gz	ftp.sra.ebi.ac.uk/vol1/srr/SRR104/004/SRR1043264	TGGTGGCT
PRJNA203208	SAMN02437008	SRX387306	SRR1043265	10090	Mus musculus	Illumina HiSeq 2000 sequencing; GSM1280097: ESCell_35_TGATTAC_single; Mus musculus; RNA-Seq	ftp.sra.ebi.ac.uk/vol1/fastq/SRR104/005/SRR1043265/SRR1043265.fastq.gz	ftp.sra.ebi.ac.uk/vol1/srr/SRR104/005/SRR1043265	TGATTACC
PRJNA203208	SAMN02437008	SRX387306	SRR1043266	10090	Mus musculus	Illumina HiSeq 2000 sequencing; GSM1280097: ESCell_35_TGATTAC_single; Mus musculus; RNA-Seq	ftp.sra.ebi.ac.uk/vol1/fastq/SRR104/006/SRR1043266/SRR1043266.fastq.gz	ftp.sra.ebi.ac.uk/vol1/srr/SRR104/006/SRR1043266	TGATTACC
PRJNA203208	SAMN02437013	SRX387307	SRR1043267	10090	Mus musculus	Illumina HiSeq 2000 sequencing; GSM1280098: ESCell_36_TGGACTG_single; Mus musculus; RNA-Seq	ftp.sra.ebi.ac.uk/vol1/fastq/SRR104/007/SRR1043267/SRR1043267.fastq.gz	ftp.sra.ebi.ac.uk/vol1/srr/SRR104/007/SRR1043267	TGGACTGG
PRJNA203208	SAMN02437013	SRX387307	SRR1043268	10090	Mus musculus	Illumina HiSeq 2000 sequencing; GSM1280098: ESCell_36_TGGACTG_single; Mus musculus; RNA-Seq	ftp.sra.ebi.ac.uk/vol1/fastq/SRR104/008/SRR1043268/SRR1043268.fastq.gz	ftp.sra.ebi.ac.uk/vol1/srr/SRR104/008/SRR1043268	TGGACTGG
PRJNA203208	SAMN02437011	SRX387308	SRR1043269	10090	Mus musculus	Illumina HiSeq 2000 sequencing; GSM1280099: ESCell_37_GCTGAGG_single; Mus musculus; RNA-Seq	ftp.sra.ebi.ac.uk/vol1/fastq/SRR104/009/SRR1043269/SRR1043269.fastq.gz	ftp.sra.ebi.ac.uk/vol1/srr/SRR104/009/SRR1043269	GCTGAGGT
PRJNA203208	SAMN02437011	SRX387308	SRR1043270	10090	Mus musculus	Illumina HiSeq 2000 sequencing; GSM1280099: ESCell_37_GCTGAGG_single; Mus musculus; RNA-Seq	ftp.sra.ebi.ac.uk/vol1/fastq/SRR104/000/SRR1043270/SRR1043270.fastq.gz	ftp.sra.ebi.ac.uk/vol1/srr/SRR104/000/SRR1043270	GCTGAGGT
PRJNA203208	SAMN02437012	SRX387309	SRR1043271	10090	Mus musculus	Illumina HiSeq 2000 sequencing; GSM1280100: ESCell_38_AGTCCAC_single; Mus musculus; RNA-Seq	ftp.sra.ebi.ac.uk/vol1/fastq/SRR104/001/SRR1043271/SRR1043271.fastq.gz	ftp.sra.ebi.ac.uk/vol1/srr/SRR104/001/SRR1043271	AGTCCACC
PRJNA203208	SAMN02437012	SRX387309	SRR1043272	10090	Mus musculus	Illumina HiSeq 2000 sequencing; GSM1280100: ESCell_38_AGTCCAC_single; Mus musculus; RNA-Seq	ftp.sra.ebi.ac.uk/vol1/fastq/SRR104/002/SRR1043272/SRR1043272.fastq.gz	ftp.sra.ebi.ac.uk/vol1/srr/SRR104/002/SRR1043272	AGTCCACC
PRJNA203208	SAMN02437017	SRX387310	SRR1043273	10090	Mus musculus	Illumina HiSeq 2000 sequencing; GSM1280101: ESCell_39_GGTTTGT_single; Mus musculus; RNA-Seq	ftp.sra.ebi.ac.uk/vol1/fastq/SRR104/003/SRR1043273/SRR1043273.fastq.gz	ftp.sra.ebi.ac.uk/vol1/srr/SRR104/003/SRR1043273	GGTTTGTC
PRJNA203208	SAMN02437017	SRX387310	SRR1043274	10090	Mus musculus	Illumina HiSeq 2000 sequencing; GSM1280101: ESCell_39_GGTTTGT_single; Mus musculus; RNA-Seq	ftp.sra.ebi.ac.uk/vol1/fastq/SRR104/004/SRR1043274/SRR1043274.fastq.gz	ftp.sra.ebi.ac.uk/vol1/srr/SRR104/004/SRR1043274	GGTTTGTC
PRJNA203208	SAMN02437015	SRX387311	SRR1043275	10090	Mus musculus	Illumina HiSeq 2000 sequencing; GSM1280102: ESCell_40_CGGAGTT_single; Mus musculus; RNA-Seq	ftp.sra.ebi.ac.uk/vol1/fastq/SRR104/005/SRR1043275/SRR1043275.fastq.gz	ftp.sra.ebi.ac.uk/vol1/srr/SRR104/005/SRR1043275	CGGAGTTA
PRJNA203208	SAMN02437015	SRX387311	SRR1043276	10090	Mus musculus	Illumina HiSeq 2000 sequencing; GSM1280102: ESCell_40_CGGAGTT_single; Mus musculus; RNA-Seq	ftp.sra.ebi.ac.uk/vol1/fastq/SRR104/006/SRR1043276/SRR1043276.fastq.gz	ftp.sra.ebi.ac.uk/vol1/srr/SRR104/006/SRR1043276	CGGAGTTA
PRJNA203208	SAMN02437014	SRX387312	SRR1043277	10090	Mus musculus	Illumina HiSeq 2000 sequencing; GSM1280103: ESCell_41_CACGGTG_single; Mus musculus; RNA-Seq	ftp.sra.ebi.ac.uk/vol1/fastq/SRR104/007/SRR1043277/SRR1043277.fastq.gz	ftp.sra.ebi.ac.uk/vol1/srr/SRR104/007/SRR1043277	CACGGTGT
PRJNA203208	SAMN02437014	SRX387312	SRR1043278	10090	Mus musculus	Illumina HiSeq 2000 sequencing; GSM1280103: ESCell_41_CACGGTG_single; Mus musculus; RNA-Seq	ftp.sra.ebi.ac.uk/vol1/fastq/SRR104/008/SRR1043278/SRR1043278.fastq.gz	ftp.sra.ebi.ac.uk/vol1/srr/SRR104/008/SRR1043278	CACGGTGT
PRJNA203208	SAMN02437019	SRX387313	SRR1043279	10090	Mus musculus	Illumina HiSeq 2000 sequencing; GSM1280104: ESCell_42_CGTTCTA_single; Mus musculus; RNA-Seq	ftp.sra.ebi.ac.uk/vol1/fastq/SRR104/009/SRR1043279/SRR1043279.fastq.gz	ftp.sra.ebi.ac.uk/vol1/srr/SRR104/009/SRR1043279	CGTTCTAC
PRJNA203208	SAMN02437019	SRX387313	SRR1043280	10090	Mus musculus	Illumina HiSeq 2000 sequencing; GSM1280104: ESCell_42_CGTTCTA_single; Mus musculus; RNA-Seq	ftp.sra.ebi.ac.uk/vol1/fastq/SRR104/000/SRR1043280/SRR1043280.fastq.gz	ftp.sra.ebi.ac.uk/vol1/srr/SRR104/000/SRR1043280	CGTTCTAC
PRJNA203208	SAMN02437018	SRX387314	SRR1043281	10090	Mus musculus	Illumina HiSeq 2000 sequencing; GSM1280105: ESCell_43_GTCAATC_single; Mus musculus; RNA-Seq	ftp.sra.ebi.ac.uk/vol1/fastq/SRR104/001/SRR1043281/SRR1043281.fastq.gz	ftp.sra.ebi.ac.uk/vol1/srr/SRR104/001/SRR1043281	GTCAATCC
PRJNA203208	SAMN02437018	SRX387314	SRR1043282	10090	Mus musculus	Illumina HiSeq 2000 sequencing; GSM1280105: ESCell_43_GTCAATC_single; Mus musculus; RNA-Seq	ftp.sra.ebi.ac.uk/vol1/fastq/SRR104/002/SRR1043282/SRR1043282.fastq.gz	ftp.sra.ebi.ac.uk/vol1/srr/SRR104/002/SRR1043282	GTCAATCC
PRJNA203208	SAMN02437016	SRX387315	SRR1043283	10090	Mus musculus	Illumina HiSeq 2000 sequencing; GSM1280106: ESCell_44_GGATACG_single; Mus musculus; RNA-Seq	ftp.sra.ebi.ac.uk/vol1/fastq/SRR104/003/SRR1043283/SRR1043283.fastq.gz	ftp.sra.ebi.ac.uk/vol1/srr/SRR104/003/SRR1043283	GGATACGT
PRJNA203208	SAMN02437016	SRX387315	SRR1043284	10090	Mus musculus	Illumina HiSeq 2000 sequencing; GSM1280106: ESCell_44_GGATACG_single; Mus musculus; RNA-Seq	ftp.sra.ebi.ac.uk/vol1/fastq/SRR104/004/SRR1043284/SRR1043284.fastq.gz	ftp.sra.ebi.ac.uk/vol1/srr/SRR104/004/SRR1043284	GGATACGT
PRJNA203208	SAMN02437028	SRX387316	SRR1043285	10090	Mus musculus	Illumina HiSeq 2000 sequencing; GSM1280107: ESCell_45_TTTCCGA_single; Mus musculus; RNA-Seq	ftp.sra.ebi.ac.uk/vol1/fastq/SRR104/005/SRR1043285/SRR1043285.fastq.gz	ftp.sra.ebi.ac.uk/vol1/srr/SRR104/005/SRR1043285	TTTCCGAA
PRJNA203208	SAMN02437028	SRX387316	SRR1043286	10090	Mus musculus	Illumina HiSeq 2000 sequencing; GSM1280107: ESCell_45_TTTCCGA_single; Mus musculus; RNA-Seq	ftp.sra.ebi.ac.uk/vol1/fastq/SRR104/006/SRR1043286/SRR1043286.fastq.gz	ftp.sra.ebi.ac.uk/vol1/srr/SRR104/006/SRR1043286	TTTCCGAA
PRJNA203208	SAMN02437021	SRX387317	SRR1043287	10090	Mus musculus	Illumina HiSeq 2000 sequencing; GSM1280108: ESCell_46_ACACAAC_single; Mus musculus; RNA-Seq	ftp.sra.ebi.ac.uk/vol1/fastq/SRR104/007/SRR1043287/SRR1043287.fastq.gz	ftp.sra.ebi.ac.uk/vol1/srr/SRR104/007/SRR1043287	ACACAACT
PRJNA203208	SAMN02437021	SRX387317	SRR1043288	10090	Mus musculus	Illumina HiSeq 2000 sequencing; GSM1280108: ESCell_46_ACACAAC_single; Mus musculus; RNA-Seq	ftp.sra.ebi.ac.uk/vol1/fastq/SRR104/008/SRR1043288/SRR1043288.fastq.gz	ftp.sra.ebi.ac.uk/vol1/srr/SRR104/008/SRR1043288	ACACAACT
PRJNA203208	SAMN02437020	SRX387318	SRR1043289	10090	Mus musculus	Illumina HiSeq 2000 sequencing; GSM1280109: ESCell_47_ATGTGCT_single; Mus musculus; RNA-Seq	ftp.sra.ebi.ac.uk/vol1/fastq/SRR104/009/SRR1043289/SRR1043289.fastq.gz	ftp.sra.ebi.ac.uk/vol1/srr/SRR104/009/SRR1043289	ATGTGCTT
PRJNA203208	SAMN02437020	SRX387318	SRR1043290	10090	Mus musculus	Illumina HiSeq 2000 sequencing; GSM1280109: ESCell_47_ATGTGCT_single; Mus musculus; RNA-Seq	ftp.sra.ebi.ac.uk/vol1/fastq/SRR104/000/SRR1043290/SRR1043290.fastq.gz	ftp.sra.ebi.ac.uk/vol1/srr/SRR104/000/SRR1043290	ATGTGCTT
PRJNA203208	SAMN02437034	SRX387319	SRR1043291	10090	Mus musculus	Illumina HiSeq 2000 sequencing; GSM1280110: ESCell_48_AATGACA_single; Mus musculus; RNA-Seq	ftp.sra.ebi.ac.uk/vol1/fastq/SRR104/001/SRR1043291/SRR1043291.fastq.gz	ftp.sra.ebi.ac.uk/vol1/srr/SRR104/001/SRR1043291	AATGACAG
PRJNA203208	SAMN02437034	SRX387319	SRR1043292	10090	Mus musculus	Illumina HiSeq 2000 sequencing; GSM1280110: ESCell_48_AATGACA_single; Mus musculus; RNA-Seq	ftp.sra.ebi.ac.uk/vol1/fastq/SRR104/002/SRR1043292/SRR1043292.fastq.gz	ftp.sra.ebi.ac.uk/vol1/srr/SRR104/002/SRR1043292	AATGACAG
PRJNA203208	SAMN02437022	SRX387320	SRR1043293	10090	Mus musculus	Illumina HiSeq 2000 sequencing; GSM1280111: ESCell_49_TATAGGA_single; Mus musculus; RNA-Seq	ftp.sra.ebi.ac.uk/vol1/fastq/SRR104/003/SRR1043293/SRR1043293.fastq.gz	ftp.sra.ebi.ac.uk/vol1/srr/SRR104/003/SRR1043293	TATAGGAC
PRJNA203208	SAMN02437022	SRX387320	SRR1043294	10090	Mus musculus	Illumina HiSeq 2000 sequencing; GSM1280111: ESCell_49_TATAGGA_single; Mus musculus; RNA-Seq	ftp.sra.ebi.ac.uk/vol1/fastq/SRR104/004/SRR1043294/SRR1043294.fastq.gz	ftp.sra.ebi.ac.uk/vol1/srr/SRR104/004/SRR1043294	TATAGGAC
PRJNA203208	SAMN02437027	SRX387321	SRR1043295	10090	Mus musculus	Illumina HiSeq 2000 sequencing; GSM1280112: ESCell_50_CAGCGTA_single; Mus musculus; RNA-Seq	ftp.sra.ebi.ac.uk/vol1/fastq/SRR104/005/SRR1043295/SRR1043295.fastq.gz	ftp.sra.ebi.ac.uk/vol1/srr/SRR104/005/SRR1043295	CAGCGTAG
PRJNA203208	SAMN02437027	SRX387321	SRR1043296	10090	Mus musculus	Illumina HiSeq 2000 sequencing; GSM1280112: ESCell_50_CAGCGTA_single; Mus musculus; RNA-Seq	ftp.sra.ebi.ac.uk/vol1/fastq/SRR104/006/SRR1043296/SRR1043296.fastq.gz	ftp.sra.ebi.ac.uk/vol1/srr/SRR104/006/SRR1043296	CAGCGTAG
PRJNA203208	SAMN02437032	SRX387322	SRR1043297	10090	Mus musculus	Illumina HiSeq 2000 sequencing; GSM1280113: ESCell_51_ACAATCC_single; Mus musculus; RNA-Seq	ftp.sra.ebi.ac.uk/vol1/fastq/SRR104/007/SRR1043297/SRR1043297.fastq.gz	ftp.sra.ebi.ac.uk/vol1/srr/SRR104/007/SRR1043297	ACAATCCC
PRJNA203208	SAMN02437032	SRX387322	SRR1043298	10090	Mus musculus	Illumina HiSeq 2000 sequencing; GSM1280113: ESCell_51_ACAATCC_single; Mus musculus; RNA-Seq	ftp.sra.ebi.ac.uk/vol1/fastq/SRR104/008/SRR1043298/SRR1043298.fastq.gz	ftp.sra.ebi.ac.uk/vol1/srr/SRR104/008/SRR1043298	ACAATCCC
PRJNA203208	SAMN02437023	SRX387323	SRR1043299	10090	Mus musculus	Illumina HiSeq 2000 sequencing; GSM1280114: ESCell_52_CTACATC_single; Mus musculus; RNA-Seq	ftp.sra.ebi.ac.uk/vol1/fastq/SRR104/009/SRR1043299/SRR1043299.fastq.gz	ftp.sra.ebi.ac.uk/vol1/srr/SRR104/009/SRR1043299	CTACATCA
PRJNA203208	SAMN02437023	SRX387323	SRR1043300	10090	Mus musculus	Illumina HiSeq 2000 sequencing; GSM1280114: ESCell_52_CTACATC_single; Mus musculus; RNA-Seq	ftp.sra.ebi.ac.uk/vol1/fastq/SRR104/000/SRR1043300/SRR1043300.fastq.gz	ftp.sra.ebi.ac.uk/vol1/srr/SRR104/000/SRR1043300	CTACATCA
PRJNA203208	SAMN02437035	SRX387324	SRR1043301	10090	Mus musculus	Illumina HiSeq 2000 sequencing; GSM1280115: ESCell_53_ACAGCGA_single; Mus musculus; RNA-Seq	ftp.sra.ebi.ac.uk/vol1/fastq/SRR104/001/SRR1043301/SRR1043301.fastq.gz	ftp.sra.ebi.ac.uk/vol1/srr/SRR104/001/SRR1043301	ACAGCGAA
PRJNA203208	SAMN02437035	SRX387324	SRR1043302	10090	Mus musculus	Illumina HiSeq 2000 sequencing; GSM1280115: ESCell_53_ACAGCGA_single; Mus musculus; RNA-Seq	ftp.sra.ebi.ac.uk/vol1/fastq/SRR104/002/SRR1043302/SRR1043302.fastq.gz	ftp.sra.ebi.ac.uk/vol1/srr/SRR104/002/SRR1043302	ACAGCGAA
PRJNA203208	SAMN02437037	SRX387325	SRR1043303	10090	Mus musculus	Illumina HiSeq 2000 sequencing; GSM1280116: ESCell_54_AAGTCTT_single; Mus musculus; RNA-Seq	ftp.sra.ebi.ac.uk/vol1/fastq/SRR104/003/SRR1043303/SRR1043303.fastq.gz	ftp.sra.ebi.ac.uk/vol1/srr/SRR104/003/SRR1043303	AAGTCTTC
PRJNA203208	SAMN02437037	SRX387325	SRR1043304	10090	Mus musculus	Illumina HiSeq 2000 sequencing; GSM1280116: ESCell_54_AAGTCTT_single; Mus musculus; RNA-Seq	ftp.sra.ebi.ac.uk/vol1/fastq/SRR104/004/SRR1043304/SRR1043304.fastq.gz	ftp.sra.ebi.ac.uk/vol1/srr/SRR104/004/SRR1043304	AAGTCTTC
PRJNA203208	SAMN02437024	SRX387326	SRR1043305	10090	Mus musculus	Illumina HiSeq 2000 sequencing; GSM1280117: ESCell_55_TGCCCAG_single; Mus musculus; RNA-Seq	ftp.sra.ebi.ac.uk/vol1/fastq/SRR104/005/SRR1043305/SRR1043305.fastq.gz	ftp.sra.ebi.ac.uk/vol1/srr/SRR104/005/SRR1043305	TGCCCAGA
PRJNA203208	SAMN02437024	SRX387326	SRR1043306	10090	Mus musculus	Illumina HiSeq 2000 sequencing; GSM1280117: ESCell_55_TGCCCAG_single; Mus musculus; RNA-Seq	ftp.sra.ebi.ac.uk/vol1/fastq/SRR104/006/SRR1043306/SRR1043306.fastq.gz	ftp.sra.ebi.ac.uk/vol1/srr/SRR104/006/SRR1043306	TGCCCAGA
PRJNA203208	SAMN02437025	SRX387327	SRR1043307	10090	Mus musculus	Illumina HiSeq 2000 sequencing; GSM1280118: ESCell_56_TCTAGTT_single; Mus musculus; RNA-Seq	ftp.sra.ebi.ac.uk/vol1/fastq/SRR104/007/SRR1043307/SRR1043307.fastq.gz	ftp.sra.ebi.ac.uk/vol1/srr/SRR104/007/SRR1043307	TCTAGTTG
PRJNA203208	SAMN02437025	SRX387327	SRR1043308	10090	Mus musculus	Illumina HiSeq 2000 sequencing; GSM1280118: ESCell_56_TCTAGTT_single; Mus musculus; RNA-Seq	ftp.sra.ebi.ac.uk/vol1/fastq/SRR104/008/SRR1043308/SRR1043308.fastq.gz	ftp.sra.ebi.ac.uk/vol1/srr/SRR104/008/SRR1043308	TCTAGTTG
PRJNA203208	SAMN02437033	SRX387328	SRR1043309	10090	Mus musculus	Illumina HiSeq 2000 sequencing; GSM1280119: ESCell_57_TCCCATG_single; Mus musculus; RNA-Seq	ftp.sra.ebi.ac.uk/vol1/fastq/SRR104/009/SRR1043309/SRR1043309.fastq.gz	ftp.sra.ebi.ac.uk/vol1/srr/SRR104/009/SRR1043309	TCCCATGG
PRJNA203208	SAMN02437033	SRX387328	SRR1043310	10090	Mus musculus	Illumina HiSeq 2000 sequencing; GSM1280119: ESCell_57_TCCCATG_single; Mus musculus; RNA-Seq	ftp.sra.ebi.ac.uk/vol1/fastq/SRR104/000/SRR1043310/SRR1043310.fastq.gz	ftp.sra.ebi.ac.uk/vol1/srr/SRR104/000/SRR1043310	TCCCATGG
PRJNA203208	SAMN02437060	SRX387329	SRR1043311	10090	Mus musculus	Illumina HiSeq 2000 sequencing; GSM1280120: ESCell_58_CGTCGCA_single; Mus musculus; RNA-Seq	ftp.sra.ebi.ac.uk/vol1/fastq/SRR104/001/SRR1043311/SRR1043311.fastq.gz	ftp.sra.ebi.ac.uk/vol1/srr/SRR104/001/SRR1043311	CGTCGCAT
PRJNA203208	SAMN02437060	SRX387329	SRR1043312	10090	Mus musculus	Illumina HiSeq 2000 sequencing; GSM1280120: ESCell_58_CGTCGCA_single; Mus musculus; RNA-Seq	ftp.sra.ebi.ac.uk/vol1/fastq/SRR104/002/SRR1043312/SRR1043312.fastq.gz	ftp.sra.ebi.ac.uk/vol1/srr/SRR104/002/SRR1043312	CGTCGCAT
PRJNA203208	SAMN02437068	SRX387330	SRR1043313	10090	Mus musculus	Illumina HiSeq 2000 sequencing; GSM1280121: ESCell_59_CTACCCT_single; Mus musculus; RNA-Seq	ftp.sra.ebi.ac.uk/vol1/fastq/SRR104/003/SRR1043313/SRR1043313.fastq.gz	ftp.sra.ebi.ac.uk/vol1/srr/SRR104/003/SRR1043313	CTACCCTC
PRJNA203208	SAMN02437068	SRX387330	SRR1043314	10090	Mus musculus	Illumina HiSeq 2000 sequencing; GSM1280121: ESCell_59_CTACCCT_single; Mus musculus; RNA-Seq	ftp.sra.ebi.ac.uk/vol1/fastq/SRR104/004/SRR1043314/SRR1043314.fastq.gz	ftp.sra.ebi.ac.uk/vol1/srr/SRR104/004/SRR1043314	CTACCCTC
PRJNA203208	SAMN02437066	SRX387331	SRR1043315	10090	Mus musculus	Illumina HiSeq 2000 sequencing; GSM1280122: ESCell_60_TTCACCC_single; Mus musculus; RNA-Seq	ftp.sra.ebi.ac.uk/vol1/fastq/SRR104/005/SRR1043315/SRR1043315.fastq.gz	ftp.sra.ebi.ac.uk/vol1/srr/SRR104/005/SRR1043315	TTCACCCG
PRJNA203208	SAMN02437066	SRX387331	SRR1043316	10090	Mus musculus	Illumina HiSeq 2000 sequencing; GSM1280122: ESCell_60_TTCACCC_single; Mus musculus; RNA-Seq	ftp.sra.ebi.ac.uk/vol1/fastq/SRR104/006/SRR1043316/SRR1043316.fastq.gz	ftp.sra.ebi.ac.uk/vol1/srr/SRR104/006/SRR1043316	TTCACCCG
PRJNA203208	SAMN02437031	SRX387332	SRR1043317	10090	Mus musculus	Illumina HiSeq 2000 sequencing; GSM1280123: ESCell_61_AAGATGG_single; Mus musculus; RNA-Seq	ftp.sra.ebi.ac.uk/vol1/fastq/SRR104/007/SRR1043317/SRR1043317.fastq.gz	ftp.sra.ebi.ac.uk/vol1/srr/SRR104/007/SRR1043317	AAGATGGC
PRJNA203208	SAMN02437031	SRX387332	SRR1043318	10090	Mus musculus	Illumina HiSeq 2000 sequencing; GSM1280123: ESCell_61_AAGATGG_single; Mus musculus; RNA-Seq	ftp.sra.ebi.ac.uk/vol1/fastq/SRR104/008/SRR1043318/SRR1043318.fastq.gz	ftp.sra.ebi.ac.uk/vol1/srr/SRR104/008/SRR1043318	AAGATGGC
PRJNA203208	SAMN02437036	SRX387333	SRR1043319	10090	Mus musculus	Illumina HiSeq 2000 sequencing; GSM1280124: ESCell_62_GATTATG_single; Mus musculus; RNA-Seq	ftp.sra.ebi.ac.uk/vol1/fastq/SRR104/009/SRR1043319/SRR1043319.fastq.gz	ftp.sra.ebi.ac.uk/vol1/srr/SRR104/009/SRR1043319	GATTATGC
PRJNA203208	SAMN02437036	SRX387333	SRR1043320	10090	Mus musculus	Illumina HiSeq 2000 sequencing; GSM1280124: ESCell_62_GATTATG_single; Mus musculus; RNA-Seq	ftp.sra.ebi.ac.uk/vol1/fastq/SRR104/000/SRR1043320/SRR1043320.fastq.gz	ftp.sra.ebi.ac.uk/vol1/srr/SRR104/000/SRR1043320	GATTATGC
PRJNA203208	SAMN02437062	SRX387334	SRR1043321	10090	Mus musculus	Illumina HiSeq 2000 sequencing; GSM1280125: ESCell_63_ACCATAG_single; Mus musculus; RNA-Seq	ftp.sra.ebi.ac.uk/vol1/fastq/SRR104/001/SRR1043321/SRR1043321.fastq.gz	ftp.sra.ebi.ac.uk/vol1/srr/SRR104/001/SRR1043321	ACCATAGA
PRJNA203208	SAMN02437062	SRX387334	SRR1043322	10090	Mus musculus	Illumina HiSeq 2000 sequencing; GSM1280125: ESCell_63_ACCATAG_single; Mus musculus; RNA-Seq	ftp.sra.ebi.ac.uk/vol1/fastq/SRR104/002/SRR1043322/SRR1043322.fastq.gz	ftp.sra.ebi.ac.uk/vol1/srr/SRR104/002/SRR1043322	ACCATAGA
PRJNA203208	SAMN02437074	SRX387335	SRR1043323	10090	Mus musculus	Illumina HiSeq 2000 sequencing; GSM1280126: ESCell_64_TAAGTCC_single; Mus musculus; RNA-Seq	ftp.sra.ebi.ac.uk/vol1/fastq/SRR104/003/SRR1043323/SRR1043323.fastq.gz	ftp.sra.ebi.ac.uk/vol1/srr/SRR104/003/SRR1043323	TAAGTCCT
PRJNA203208	SAMN02437074	SRX387335	SRR1043324	10090	Mus musculus	Illumina HiSeq 2000 sequencing; GSM1280126: ESCell_64_TAAGTCC_single; Mus musculus; RNA-Seq	ftp.sra.ebi.ac.uk/vol1/fastq/SRR104/004/SRR1043324/SRR1043324.fastq.gz	ftp.sra.ebi.ac.uk/vol1/srr/SRR104/004/SRR1043324	TAAGTCCT
PRJNA203208	SAMN02437067	SRX387336	SRR1043325	10090	Mus musculus	Illumina HiSeq 2000 sequencing; GSM1280127: ESCell_65_GAATCAC_single; Mus musculus; RNA-Seq	ftp.sra.ebi.ac.uk/vol1/fastq/SRR104/005/SRR1043325/SRR1043325.fastq.gz	ftp.sra.ebi.ac.uk/vol1/srr/SRR104/005/SRR1043325	GAATCACG
PRJNA203208	SAMN02437067	SRX387336	SRR1043326	10090	Mus musculus	Illumina HiSeq 2000 sequencing; GSM1280127: ESCell_65_GAATCAC_single; Mus musculus; RNA-Seq	ftp.sra.ebi.ac.uk/vol1/fastq/SRR104/006/SRR1043326/SRR1043326.fastq.gz	ftp.sra.ebi.ac.uk/vol1/srr/SRR104/006/SRR1043326	GAATCACG
PRJNA203208	SAMN02437075	SRX387337	SRR1043327	10090	Mus musculus	Illumina HiSeq 2000 sequencing; GSM1280128: ESCell_66_TCGCTAG_single; Mus musculus; RNA-Seq	ftp.sra.ebi.ac.uk/vol1/fastq/SRR104/007/SRR1043327/SRR1043327.fastq.gz	ftp.sra.ebi.ac.uk/vol1/srr/SRR104/007/SRR1043327	TCGCTAGT
PRJNA203208	SAMN02437075	SRX387337	SRR1043328	10090	Mus musculus	Illumina HiSeq 2000 sequencing; GSM1280128: ESCell_66_TCGCTAG_single; Mus musculus; RNA-Seq	ftp.sra.ebi.ac.uk/vol1/fastq/SRR104/008/SRR1043328/SRR1043328.fastq.gz	ftp.sra.ebi.ac.uk/vol1/srr/SRR104/008/SRR1043328	TCGCTAGT
PRJNA203208	SAMN02437072	SRX387338	SRR1043329	10090	Mus musculus	Illumina HiSeq 2000 sequencing; GSM1280129: ESCell_67_GGAGTTA_single; Mus musculus; RNA-Seq	ftp.sra.ebi.ac.uk/vol1/fastq/SRR104/009/SRR1043329/SRR1043329.fastq.gz	ftp.sra.ebi.ac.uk/vol1/srr/SRR104/009/SRR1043329	GGAGTTAC
PRJNA203208	SAMN02437072	SRX387338	SRR1043330	10090	Mus musculus	Illumina HiSeq 2000 sequencing; GSM1280129: ESCell_67_GGAGTTA_single; Mus musculus; RNA-Seq	ftp.sra.ebi.ac.uk/vol1/fastq/SRR104/000/SRR1043330/SRR1043330.fastq.gz	ftp.sra.ebi.ac.uk/vol1/srr/SRR104/000/SRR1043330	GGAGTTAC
PRJNA203208	SAMN02437069	SRX387339	SRR1043331	10090	Mus musculus	Illumina HiSeq 2000 sequencing; GSM1280130: ESCell_68_CACTTCC_single; Mus musculus; RNA-Seq	ftp.sra.ebi.ac.uk/vol1/fastq/SRR104/001/SRR1043331/SRR1043331.fastq.gz	ftp.sra.ebi.ac.uk/vol1/srr/SRR104/001/SRR1043331	CACTTCCG
PRJNA203208	SAMN02437069	SRX387339	SRR1043332	10090	Mus musculus	Illumina HiSeq 2000 sequencing; GSM1280130: ESCell_68_CACTTCC_single; Mus musculus; RNA-Seq	ftp.sra.ebi.ac.uk/vol1/fastq/SRR104/002/SRR1043332/SRR1043332.fastq.gz	ftp.sra.ebi.ac.uk/vol1/srr/SRR104/002/SRR1043332	CACTTCCG
PRJNA203208	SAMN02437073	SRX387340	SRR1043333	10090	Mus musculus	Illumina HiSeq 2000 sequencing; GSM1280131: ESCell_69_GTACTCG_single; Mus musculus; RNA-Seq	ftp.sra.ebi.ac.uk/vol1/fastq/SRR104/003/SRR1043333/SRR1043333.fastq.gz	ftp.sra.ebi.ac.uk/vol1/srr/SRR104/003/SRR1043333	GTACTCGG
PRJNA203208	SAMN02437073	SRX387340	SRR1043334	10090	Mus musculus	Illumina HiSeq 2000 sequencing; GSM1280131: ESCell_69_GTACTCG_single; Mus musculus; RNA-Seq	ftp.sra.ebi.ac.uk/vol1/fastq/SRR104/004/SRR1043334/SRR1043334.fastq.gz	ftp.sra.ebi.ac.uk/vol1/srr/SRR104/004/SRR1043334	GTACTCGG
PRJNA203208	SAMN02437076	SRX387341	SRR1043335	10090	Mus musculus	Illumina HiSeq 2000 sequencing; GSM1280132: ESCell_70_ATTGCGT_single; Mus musculus; RNA-Seq	ftp.sra.ebi.ac.uk/vol1/fastq/SRR104/005/SRR1043335/SRR1043335.fastq.gz	ftp.sra.ebi.ac.uk/vol1/srr/SRR104/005/SRR1043335	ATTGCGTC
PRJNA203208	SAMN02437076	SRX387341	SRR1043336	10090	Mus musculus	Illumina HiSeq 2000 sequencing; GSM1280132: ESCell_70_ATTGCGT_single; Mus musculus; RNA-Seq	ftp.sra.ebi.ac.uk/vol1/fastq/SRR104/006/SRR1043336/SRR1043336.fastq.gz	ftp.sra.ebi.ac.uk/vol1/srr/SRR104/006/SRR1043336	ATTGCGTC
PRJNA203208	SAMN02437070	SRX387342	SRR1043337	10090	Mus musculus	Illumina HiSeq 2000 sequencing; GSM1280133: ESCell_71_CTCCAGG_single; Mus musculus; RNA-Seq	ftp.sra.ebi.ac.uk/vol1/fastq/SRR104/007/SRR1043337/SRR1043337.fastq.gz	ftp.sra.ebi.ac.uk/vol1/srr/SRR104/007/SRR1043337	CTCCAGGT
PRJNA203208	SAMN02437070	SRX387342	SRR1043338	10090	Mus musculus	Illumina HiSeq 2000 sequencing; GSM1280133: ESCell_71_CTCCAGG_single; Mus musculus; RNA-Seq	ftp.sra.ebi.ac.uk/vol1/fastq/SRR104/008/SRR1043338/SRR1043338.fastq.gz	ftp.sra.ebi.ac.uk/vol1/srr/SRR104/008/SRR1043338	CTCCAGGT
PRJNA203208	SAMN02437081	SRX387343	SRR1043339	10090	Mus musculus	Illumina HiSeq 2000 sequencing; GSM1280134: ESCell_72_AACCCAT_single; Mus musculus; RNA-Seq	ftp.sra.ebi.ac.uk/vol1/fastq/SRR104/009/SRR1043339/SRR1043339.fastq.gz	ftp.sra.ebi.ac.uk/vol1/srr/SRR104/009/SRR1043339	AACCCATG
PRJNA203208	SAMN02437081	SRX387343	SRR1043340	10090	Mus musculus	Illumina HiSeq 2000 sequencing; GSM1280134: ESCell_72_AACCCAT_single; Mus musculus; RNA-Seq	ftp.sra.ebi.ac.uk/vol1/fastq/SRR104/000/SRR1043340/SRR1043340.fastq.gz	ftp.sra.ebi.ac.uk/vol1/srr/SRR104/000/SRR1043340	AACCCATG
PRJNA203208	SAMN02437078	SRX387344	SRR1043341	10090	Mus musculus	Illumina HiSeq 2000 sequencing; GSM1280135: ESCell_73_CTAGGAA_single; Mus musculus; RNA-Seq	ftp.sra.ebi.ac.uk/vol1/fastq/SRR104/001/SRR1043341/SRR1043341.fastq.gz	ftp.sra.ebi.ac.uk/vol1/srr/SRR104/001/SRR1043341	CTAGGAAT
PRJNA203208	SAMN02437078	SRX387344	SRR1043342	10090	Mus musculus	Illumina HiSeq 2000 sequencing; GSM1280135: ESCell_73_CTAGGAA_single; Mus musculus; RNA-Seq	ftp.sra.ebi.ac.uk/vol1/fastq/SRR104/002/SRR1043342/SRR1043342.fastq.gz	ftp.sra.ebi.ac.uk/vol1/srr/SRR104/002/SRR1043342	CTAGGAAT
PRJNA203208	SAMN02437071	SRX387345	SRR1043343	10090	Mus musculus	Illumina HiSeq 2000 sequencing; GSM1280136: ESCell_74_GCATGAT_single; Mus musculus; RNA-Seq	ftp.sra.ebi.ac.uk/vol1/fastq/SRR104/003/SRR1043343/SRR1043343.fastq.gz	ftp.sra.ebi.ac.uk/vol1/srr/SRR104/003/SRR1043343	GCATGATT
PRJNA203208	SAMN02437071	SRX387345	SRR1043344	10090	Mus musculus	Illumina HiSeq 2000 sequencing; GSM1280136: ESCell_74_GCATGAT_single; Mus musculus; RNA-Seq	ftp.sra.ebi.ac.uk/vol1/fastq/SRR104/004/SRR1043344/SRR1043344.fastq.gz	ftp.sra.ebi.ac.uk/vol1/srr/SRR104/004/SRR1043344	GCATGATT
PRJNA203208	SAMN02437082	SRX387346	SRR1043345	10090	Mus musculus	Illumina HiSeq 2000 sequencing; GSM1280137: ESCell_75_AGGGAAG_single; Mus musculus; RNA-Seq	ftp.sra.ebi.ac.uk/vol1/fastq/SRR104/005/SRR1043345/SRR1043345.fastq.gz	ftp.sra.ebi.ac.uk/vol1/srr/SRR104/005/SRR1043345	AGGGAAGC
PRJNA203208	SAMN02437082	SRX387346	SRR1043346	10090	Mus musculus	Illumina HiSeq 2000 sequencing; GSM1280137: ESCell_75_AGGGAAG_single; Mus musculus; RNA-Seq	ftp.sra.ebi.ac.uk/vol1/fastq/SRR104/006/SRR1043346/SRR1043346.fastq.gz	ftp.sra.ebi.ac.uk/vol1/srr/SRR104/006/SRR1043346	AGGGAAGC
PRJNA203208	SAMN02437086	SRX387347	SRR1043347	10090	Mus musculus	Illumina HiSeq 2000 sequencing; GSM1280138: ESCell_76_CTTTACC_single; Mus musculus; RNA-Seq	ftp.sra.ebi.ac.uk/vol1/fastq/SRR104/007/SRR1043347/SRR1043347.fastq.gz	ftp.sra.ebi.ac.uk/vol1/srr/SRR104/007/SRR1043347	CTTTACCT
PRJNA203208	SAMN02437086	SRX387347	SRR1043348	10090	Mus musculus	Illumina HiSeq 2000 sequencing; GSM1280138: ESCell_76_CTTTACC_single; Mus musculus; RNA-Seq	ftp.sra.ebi.ac.uk/vol1/fastq/SRR104/008/SRR1043348/SRR1043348.fastq.gz	ftp.sra.ebi.ac.uk/vol1/srr/SRR104/008/SRR1043348	CTTTACCT
PRJNA203208	SAMN02437079	SRX387348	SRR1043349	10090	Mus musculus	Illumina HiSeq 2000 sequencing; GSM1280139: ESCell_77_AGTTGTG_single; Mus musculus; RNA-Seq	ftp.sra.ebi.ac.uk/vol1/fastq/SRR104/009/SRR1043349/SRR1043349.fastq.gz	ftp.sra.ebi.ac.uk/vol1/srr/SRR104/009/SRR1043349	AGTTGTGG
PRJNA203208	SAMN02437079	SRX387348	SRR1043350	10090	Mus musculus	Illumina HiSeq 2000 sequencing; GSM1280139: ESCell_77_AGTTGTG_single; Mus musculus; RNA-Seq	ftp.sra.ebi.ac.uk/vol1/fastq/SRR104/000/SRR1043350/SRR1043350.fastq.gz	ftp.sra.ebi.ac.uk/vol1/srr/SRR104/000/SRR1043350	AGTTGTGG
PRJNA203208	SAMN02437084	SRX387349	SRR1043351	10090	Mus musculus	Illumina HiSeq 2000 sequencing; GSM1280140: ESCell_78_ATGCCTG_single; Mus musculus; RNA-Seq	ftp.sra.ebi.ac.uk/vol1/fastq/SRR104/001/SRR1043351/SRR1043351.fastq.gz	ftp.sra.ebi.ac.uk/vol1/srr/SRR104/001/SRR1043351	ATGCCTGT
PRJNA203208	SAMN02437084	SRX387349	SRR1043352	10090	Mus musculus	Illumina HiSeq 2000 sequencing; GSM1280140: ESCell_78_ATGCCTG_single; Mus musculus; RNA-Seq	ftp.sra.ebi.ac.uk/vol1/fastq/SRR104/002/SRR1043352/SRR1043352.fastq.gz	ftp.sra.ebi.ac.uk/vol1/srr/SRR104/002/SRR1043352	ATGCCTGT
PRJNA203208	SAMN02437092	SRX387350	SRR1043353	10090	Mus musculus	Illumina HiSeq 2000 sequencing; GSM1280141: ESCell_79_GACACAA_single; Mus musculus; RNA-Seq	ftp.sra.ebi.ac.uk/vol1/fastq/SRR104/003/SRR1043353/SRR1043353.fastq.gz	ftp.sra.ebi.ac.uk/vol1/srr/SRR104/003/SRR1043353	GACACAAA
PRJNA203208	SAMN02437092	SRX387350	SRR1043354	10090	Mus musculus	Illumina HiSeq 2000 sequencing; GSM1280141: ESCell_79_GACACAA_single; Mus musculus; RNA-Seq	ftp.sra.ebi.ac.uk/vol1/fastq/SRR104/004/SRR1043354/SRR1043354.fastq.gz	ftp.sra.ebi.ac.uk/vol1/srr/SRR104/004/SRR1043354	GACACAAA
PRJNA203208	SAMN02437077	SRX387351	SRR1043355	10090	Mus musculus	Illumina HiSeq 2000 sequencing; GSM1280142: ESCell_80_TATGCTC_single; Mus musculus; RNA-Seq	ftp.sra.ebi.ac.uk/vol1/fastq/SRR104/005/SRR1043355/SRR1043355.fastq.gz	ftp.sra.ebi.ac.uk/vol1/srr/SRR104/005/SRR1043355	TATGCTCA
PRJNA203208	SAMN02437077	SRX387351	SRR1043356	10090	Mus musculus	Illumina HiSeq 2000 sequencing; GSM1280142: ESCell_80_TATGCTC_single; Mus musculus; RNA-Seq	ftp.sra.ebi.ac.uk/vol1/fastq/SRR104/006/SRR1043356/SRR1043356.fastq.gz	ftp.sra.ebi.ac.uk/vol1/srr/SRR104/006/SRR1043356	TATGCTCA
PRJNA203208	SAMN02437083	SRX387352	SRR1043357	10090	Mus musculus	Illumina HiSeq 2000 sequencing; GSM1280143: ESCell_81_GCGTCTA_single; Mus musculus; RNA-Seq	ftp.sra.ebi.ac.uk/vol1/fastq/SRR104/007/SRR1043357/SRR1043357.fastq.gz	ftp.sra.ebi.ac.uk/vol1/srr/SRR104/007/SRR1043357	GCGTCTAA
PRJNA203208	SAMN02437083	SRX387352	SRR1043358	10090	Mus musculus	Illumina HiSeq 2000 sequencing; GSM1280143: ESCell_81_GCGTCTA_single; Mus musculus; RNA-Seq	ftp.sra.ebi.ac.uk/vol1/fastq/SRR104/008/SRR1043358/SRR1043358.fastq.gz	ftp.sra.ebi.ac.uk/vol1/srr/SRR104/008/SRR1043358	GCGTCTAA
PRJNA203208	SAMN02437091	SRX387353	SRR1043359	10090	Mus musculus	Illumina HiSeq 2000 sequencing; GSM1280144: ESCell_82_AGCAAGC_single; Mus musculus; RNA-Seq	ftp.sra.ebi.ac.uk/vol1/fastq/SRR104/009/SRR1043359/SRR1043359.fastq.gz	ftp.sra.ebi.ac.uk/vol1/srr/SRR104/009/SRR1043359	AGCAAGCG
PRJNA203208	SAMN02437091	SRX387353	SRR1043360	10090	Mus musculus	Illumina HiSeq 2000 sequencing; GSM1280144: ESCell_82_AGCAAGC_single; Mus musculus; RNA-Seq	ftp.sra.ebi.ac.uk/vol1/fastq/SRR104/000/SRR1043360/SRR1043360.fastq.gz	ftp.sra.ebi.ac.uk/vol1/srr/SRR104/000/SRR1043360	AGCAAGCG
PRJNA203208	SAMN02437080	SRX387354	SRR1043361	10090	Mus musculus	Illumina HiSeq 2000 sequencing; GSM1280145: ESCell_83_GGCAGAC_single; Mus musculus; RNA-Seq	ftp.sra.ebi.ac.uk/vol1/fastq/SRR104/001/SRR1043361/SRR1043361.fastq.gz	ftp.sra.ebi.ac.uk/vol1/srr/SRR104/001/SRR1043361	GGCAGACT
PRJNA203208	SAMN02437080	SRX387354	SRR1043362	10090	Mus musculus	Illumina HiSeq 2000 sequencing; GSM1280145: ESCell_83_GGCAGAC_single; Mus musculus; RNA-Seq	ftp.sra.ebi.ac.uk/vol1/fastq/SRR104/002/SRR1043362/SRR1043362.fastq.gz	ftp.sra.ebi.ac.uk/vol1/srr/SRR104/002/SRR1043362	GGCAGACT
PRJNA203208	SAMN02437088	SRX387355	SRR1043363	10090	Mus musculus	Illumina HiSeq 2000 sequencing; GSM1280146: ESCell_84_CGACTAT_single; Mus musculus; RNA-Seq	ftp.sra.ebi.ac.uk/vol1/fastq/SRR104/003/SRR1043363/SRR1043363.fastq.gz	ftp.sra.ebi.ac.uk/vol1/srr/SRR104/003/SRR1043363	CGACTATG
PRJNA203208	SAMN02437088	SRX387355	SRR1043364	10090	Mus musculus	Illumina HiSeq 2000 sequencing; GSM1280146: ESCell_84_CGACTAT_single; Mus musculus; RNA-Seq	ftp.sra.ebi.ac.uk/vol1/fastq/SRR104/004/SRR1043364/SRR1043364.fastq.gz	ftp.sra.ebi.ac.uk/vol1/srr/SRR104/004/SRR1043364	CGACTATG
PRJNA203208	SAMN02437097	SRX387356	SRR1043365	10090	Mus musculus	Illumina HiSeq 2000 sequencing; GSM1280147: ESCell_85_CAGCAAG_single; Mus musculus; RNA-Seq	ftp.sra.ebi.ac.uk/vol1/fastq/SRR104/005/SRR1043365/SRR1043365.fastq.gz	ftp.sra.ebi.ac.uk/vol1/srr/SRR104/005/SRR1043365	CAGCAAGA
PRJNA203208	SAMN02437097	SRX387356	SRR1043366	10090	Mus musculus	Illumina HiSeq 2000 sequencing; GSM1280147: ESCell_85_CAGCAAG_single; Mus musculus; RNA-Seq	ftp.sra.ebi.ac.uk/vol1/fastq/SRR104/006/SRR1043366/SRR1043366.fastq.gz	ftp.sra.ebi.ac.uk/vol1/srr/SRR104/006/SRR1043366	CAGCAAGA
PRJNA203208	SAMN02437085	SRX387357	SRR1043367	10090	Mus musculus	Illumina HiSeq 2000 sequencing; GSM1280148: ESCell_86_GTTGTCC_single; Mus musculus; RNA-Seq	ftp.sra.ebi.ac.uk/vol1/fastq/SRR104/007/SRR1043367/SRR1043367.fastq.gz	ftp.sra.ebi.ac.uk/vol1/srr/SRR104/007/SRR1043367	GTTGTCCC
PRJNA203208	SAMN02437085	SRX387357	SRR1043368	10090	Mus musculus	Illumina HiSeq 2000 sequencing; GSM1280148: ESCell_86_GTTGTCC_single; Mus musculus; RNA-Seq	ftp.sra.ebi.ac.uk/vol1/fastq/SRR104/008/SRR1043368/SRR1043368.fastq.gz	ftp.sra.ebi.ac.uk/vol1/srr/SRR104/008/SRR1043368	GTTGTCCC
PRJNA203208	SAMN02437087	SRX387358	SRR1043369	10090	Mus musculus	Illumina HiSeq 2000 sequencing; GSM1280149: ESCell_87_GGGAATA_single; Mus musculus; RNA-Seq	ftp.sra.ebi.ac.uk/vol1/fastq/SRR104/009/SRR1043369/SRR1043369.fastq.gz	ftp.sra.ebi.ac.uk/vol1/srr/SRR104/009/SRR1043369	GGGAATAT
PRJNA203208	SAMN02437087	SRX387358	SRR1043370	10090	Mus musculus	Illumina HiSeq 2000 sequencing; GSM1280149: ESCell_87_GGGAATA_single; Mus musculus; RNA-Seq	ftp.sra.ebi.ac.uk/vol1/fastq/SRR104/000/SRR1043370/SRR1043370.fastq.gz	ftp.sra.ebi.ac.uk/vol1/srr/SRR104/000/SRR1043370	GGGAATAT
PRJNA203208	SAMN02437098	SRX387359	SRR1043371	10090	Mus musculus	Illumina HiSeq 2000 sequencing; GSM1280150: ESCell_88_GCTTAAC_single; Mus musculus; RNA-Seq	ftp.sra.ebi.ac.uk/vol1/fastq/SRR104/001/SRR1043371/SRR1043371.fastq.gz	ftp.sra.ebi.ac.uk/vol1/srr/SRR104/001/SRR1043371	GCTTAACA
PRJNA203208	SAMN02437098	SRX387359	SRR1043372	10090	Mus musculus	Illumina HiSeq 2000 sequencing; GSM1280150: ESCell_88_GCTTAAC_single; Mus musculus; RNA-Seq	ftp.sra.ebi.ac.uk/vol1/fastq/SRR104/002/SRR1043372/SRR1043372.fastq.gz	ftp.sra.ebi.ac.uk/vol1/srr/SRR104/002/SRR1043372	GCTTAACA
PRJNA203208	SAMN02437093	SRX387360	SRR1043373	10090	Mus musculus	Illumina HiSeq 2000 sequencing; GSM1280151: ESCell_89_GAGGCGT_single; Mus musculus; RNA-Seq	ftp.sra.ebi.ac.uk/vol1/fastq/SRR104/003/SRR1043373/SRR1043373.fastq.gz	ftp.sra.ebi.ac.uk/vol1/srr/SRR104/003/SRR1043373	GAGGCGTA
PRJNA203208	SAMN02437093	SRX387360	SRR1043374	10090	Mus musculus	Illumina HiSeq 2000 sequencing; GSM1280151: ESCell_89_GAGGCGT_single; Mus musculus; RNA-Seq	ftp.sra.ebi.ac.uk/vol1/fastq/SRR104/004/SRR1043374/SRR1043374.fastq.gz	ftp.sra.ebi.ac.uk/vol1/srr/SRR104/004/SRR1043374	GAGGCGTA
PRJNA203208	SAMN02437046	SRX387361	SRR1043375	10090	Mus musculus	Illumina HiSeq 2000 sequencing; GSM1280152: ESCell_90_GATAAGT_single; Mus musculus; RNA-Seq	ftp.sra.ebi.ac.uk/vol1/fastq/SRR104/005/SRR1043375/SRR1043375.fastq.gz	ftp.sra.ebi.ac.uk/vol1/srr/SRR104/005/SRR1043375	GATAAGTG
PRJNA203208	SAMN02437046	SRX387361	SRR1043376	10090	Mus musculus	Illumina HiSeq 2000 sequencing; GSM1280152: ESCell_90_GATAAGT_single; Mus musculus; RNA-Seq	ftp.sra.ebi.ac.uk/vol1/fastq/SRR104/006/SRR1043376/SRR1043376.fastq.gz	ftp.sra.ebi.ac.uk/vol1/srr/SRR104/006/SRR1043376	GATAAGTG
PRJNA203208	SAMN02437026	SRX387362	SRR1043377	10090	Mus musculus	Illumina HiSeq 2000 sequencing; GSM1280153: ESCell_91_TTAGCGG_single; Mus musculus; RNA-Seq	ftp.sra.ebi.ac.uk/vol1/fastq/SRR104/007/SRR1043377/SRR1043377.fastq.gz	ftp.sra.ebi.ac.uk/vol1/srr/SRR104/007/SRR1043377	TTAGCGGT
PRJNA203208	SAMN02437026	SRX387362	SRR1043378	10090	Mus musculus	Illumina HiSeq 2000 sequencing; GSM1280153: ESCell_91_TTAGCGG_single; Mus musculus; RNA-Seq	ftp.sra.ebi.ac.uk/vol1/fastq/SRR104/008/SRR1043378/SRR1043378.fastq.gz	ftp.sra.ebi.ac.uk/vol1/srr/SRR104/008/SRR1043378	TTAGCGGT
PRJNA203208	SAMN02437038	SRX387363	SRR1043379	10090	Mus musculus	Illumina HiSeq 2000 sequencing; GSM1280154: ESCell_92_GGACCTT_single; Mus musculus; RNA-Seq	ftp.sra.ebi.ac.uk/vol1/fastq/SRR104/009/SRR1043379/SRR1043379.fastq.gz	ftp.sra.ebi.ac.uk/vol1/srr/SRR104/009/SRR1043379	GGACCTTA
PRJNA203208	SAMN02437038	SRX387363	SRR1043380	10090	Mus musculus	Illumina HiSeq 2000 sequencing; GSM1280154: ESCell_92_GGACCTT_single; Mus musculus; RNA-Seq	ftp.sra.ebi.ac.uk/vol1/fastq/SRR104/000/SRR1043380/SRR1043380.fastq.gz	ftp.sra.ebi.ac.uk/vol1/srr/SRR104/000/SRR1043380	GGACCTTA
PRJNA203208	SAMN02437041	SRX387364	SRR1043381	10090	Mus musculus	Illumina HiSeq 2000 sequencing; GSM1280155: ESCell_93_CACCTTT_single; Mus musculus; RNA-Seq	ftp.sra.ebi.ac.uk/vol1/fastq/SRR104/001/SRR1043381/SRR1043381.fastq.gz	ftp.sra.ebi.ac.uk/vol1/srr/SRR104/001/SRR1043381	CACCTTTC
PRJNA203208	SAMN02437041	SRX387364	SRR1043382	10090	Mus musculus	Illumina HiSeq 2000 sequencing; GSM1280155: ESCell_93_CACCTTT_single; Mus musculus; RNA-Seq	ftp.sra.ebi.ac.uk/vol1/fastq/SRR104/002/SRR1043382/SRR1043382.fastq.gz	ftp.sra.ebi.ac.uk/vol1/srr/SRR104/002/SRR1043382	CACCTTTC
PRJNA203208	SAMN02436975	SRX387365	SRR1043383	10090	Mus musculus	Illumina HiSeq 2000 sequencing; GSM1280156: ESCell_94_TACAACG_single; Mus musculus; RNA-Seq	ftp.sra.ebi.ac.uk/vol1/fastq/SRR104/003/SRR1043383/SRR1043383.fastq.gz	ftp.sra.ebi.ac.uk/vol1/srr/SRR104/003/SRR1043383	TACAACGT
PRJNA203208	SAMN02436975	SRX387365	SRR1043384	10090	Mus musculus	Illumina HiSeq 2000 sequencing; GSM1280156: ESCell_94_TACAACG_single; Mus musculus; RNA-Seq	ftp.sra.ebi.ac.uk/vol1/fastq/SRR104/004/SRR1043384/SRR1043384.fastq.gz	ftp.sra.ebi.ac.uk/vol1/srr/SRR104/004/SRR1043384	TACAACGT
PRJNA203208	SAMN02436976	SRX387366	SRR1043385	10090	Mus musculus	Illumina HiSeq 2000 sequencing; GSM1280157: ESCell_95_TTCTCTG_single; Mus musculus; RNA-Seq	ftp.sra.ebi.ac.uk/vol1/fastq/SRR104/005/SRR1043385/SRR1043385.fastq.gz	ftp.sra.ebi.ac.uk/vol1/srr/SRR104/005/SRR1043385	TTCTCTGC
PRJNA203208	SAMN02436976	SRX387366	SRR1043386	10090	Mus musculus	Illumina HiSeq 2000 sequencing; GSM1280157: ESCell_95_TTCTCTG_single; Mus musculus; RNA-Seq	ftp.sra.ebi.ac.uk/vol1/fastq/SRR104/006/SRR1043386/SRR1043386.fastq.gz	ftp.sra.ebi.ac.uk/vol1/srr/SRR104/006/SRR1043386	TTCTCTGC
PRJNA203208	SAMN02436977	SRX387367	SRR1043387	10090	Mus musculus	Illumina HiSeq 2000 sequencing; GSM1280158: ESCell_96_CCAAATG_single; Mus musculus; RNA-Seq	ftp.sra.ebi.ac.uk/vol1/fastq/SRR104/007/SRR1043387/SRR1043387.fastq.gz	ftp.sra.ebi.ac.uk/vol1/srr/SRR104/007/SRR1043387	CCAAATGC
PRJNA203208	SAMN02436977	SRX387367	SRR1043388	10090	Mus musculus	Illumina HiSeq 2000 sequencing; GSM1280158: ESCell_96_CCAAATG_single; Mus musculus; RNA-Seq	ftp.sra.ebi.ac.uk/vol1/fastq/SRR104/008/SRR1043388/SRR1043388.fastq.gz	ftp.sra.ebi.ac.uk/vol1/srr/SRR104/008/SRR1043388	CCAAATGC
PRJNA203208	SAMN02436979	SRX387368	SRR1043389	10090	Mus musculus	Illumina HiSeq 2000 sequencing; GSM1280159: ESCell_1_ATTAGAC_amplified; Mus musculus; RNA-Seq	ftp.sra.ebi.ac.uk/vol1/fastq/SRR104/009/SRR1043389/SRR1043389.fastq.gz	ftp.sra.ebi.ac.uk/vol1/srr/SRR104/009/SRR1043389	ATTAGACG
PRJNA203208	SAMN02436978	SRX387369	SRR1043390	10090	Mus musculus	Illumina HiSeq 2000 sequencing; GSM1280160: ESCell_2_ACGAGTC_amplified; Mus musculus; RNA-Seq	ftp.sra.ebi.ac.uk/vol1/fastq/SRR104/000/SRR1043390/SRR1043390.fastq.gz	ftp.sra.ebi.ac.uk/vol1/srr/SRR104/000/SRR1043390	ACGAGTCT
PRJNA203208	SAMN02436982	SRX387370	SRR1043391	10090	Mus musculus	Illumina HiSeq 2000 sequencing; GSM1280161: ESCell_3_TGACGTG_amplified; Mus musculus; RNA-Seq	ftp.sra.ebi.ac.uk/vol1/fastq/SRR104/001/SRR1043391/SRR1043391.fastq.gz	ftp.sra.ebi.ac.uk/vol1/srr/SRR104/001/SRR1043391	TGACGTGC
PRJNA203208	SAMN02436981	SRX387371	SRR1043392	10090	Mus musculus	Illumina HiSeq 2000 sequencing; GSM1280162: ESCell_4_GTCGTTG_amplified; Mus musculus; RNA-Seq	ftp.sra.ebi.ac.uk/vol1/fastq/SRR104/002/SRR1043392/SRR1043392.fastq.gz	ftp.sra.ebi.ac.uk/vol1/srr/SRR104/002/SRR1043392	GTCGTTGA
PRJNA203208	SAMN02436980	SRX387372	SRR1043393	10090	Mus musculus	Illumina HiSeq 2000 sequencing; GSM1280163: ESCell_5_CGCTAAA_amplified; Mus musculus; RNA-Seq	ftp.sra.ebi.ac.uk/vol1/fastq/SRR104/003/SRR1043393/SRR1043393.fastq.gz	ftp.sra.ebi.ac.uk/vol1/srr/SRR104/003/SRR1043393	CGCTAAAT
PRJNA203208	SAMN02436983	SRX387373	SRR1043394	10090	Mus musculus	Illumina HiSeq 2000 sequencing; GSM1280164: ESCell_6_GTCTGTA_amplified; Mus musculus; RNA-Seq	ftp.sra.ebi.ac.uk/vol1/fastq/SRR104/004/SRR1043394/SRR1043394.fastq.gz	ftp.sra.ebi.ac.uk/vol1/srr/SRR104/004/SRR1043394	GTCTGTAT
PRJNA203208	SAMN02436984	SRX387374	SRR1043395	10090	Mus musculus	Illumina HiSeq 2000 sequencing; GSM1280165: ESCell_7_CCTACGC_amplified; Mus musculus; RNA-Seq	ftp.sra.ebi.ac.uk/vol1/fastq/SRR104/005/SRR1043395/SRR1043395.fastq.gz	ftp.sra.ebi.ac.uk/vol1/srr/SRR104/005/SRR1043395	CCTACGCA
PRJNA203208	SAMN02436985	SRX387375	SRR1043396	10090	Mus musculus	Illumina HiSeq 2000 sequencing; GSM1280166: ESCell_8_GAGCTCC_amplified; Mus musculus; RNA-Seq	ftp.sra.ebi.ac.uk/vol1/fastq/SRR104/006/SRR1043396/SRR1043396.fastq.gz	ftp.sra.ebi.ac.uk/vol1/srr/SRR104/006/SRR1043396	GAGCTCCA
PRJNA203208	SAMN02436986	SRX387376	SRR1043397	10090	Mus musculus	Illumina HiSeq 2000 sequencing; GSM1280167: ESCell_9_GGTATTC_amplified; Mus musculus; RNA-Seq	ftp.sra.ebi.ac.uk/vol1/fastq/SRR104/007/SRR1043397/SRR1043397.fastq.gz	ftp.sra.ebi.ac.uk/vol1/srr/SRR104/007/SRR1043397	GGTATTCA
PRJNA203208	SAMN02436989	SRX387377	SRR1043398	10090	Mus musculus	Illumina HiSeq 2000 sequencing; GSM1280168: ESCell_10_GTGTGAG_amplified; Mus musculus; RNA-Seq	ftp.sra.ebi.ac.uk/vol1/fastq/SRR104/008/SRR1043398/SRR1043398.fastq.gz	ftp.sra.ebi.ac.uk/vol1/srr/SRR104/008/SRR1043398	GTGTGAGA
PRJNA203208	SAMN02436987	SRX387378	SRR1043399	10090	Mus musculus	Illumina HiSeq 2000 sequencing; GSM1280169: ESCell_11_TACCAGT_amplified; Mus musculus; RNA-Seq	ftp.sra.ebi.ac.uk/vol1/fastq/SRR104/009/SRR1043399/SRR1043399.fastq.gz	ftp.sra.ebi.ac.uk/vol1/srr/SRR104/009/SRR1043399	TACCAGTA
PRJNA203208	SAMN02436988	SRX387379	SRR1043400	10090	Mus musculus	Illumina HiSeq 2000 sequencing; GSM1280170: ESCell_12_CCTATCG_amplified; Mus musculus; RNA-Seq	ftp.sra.ebi.ac.uk/vol1/fastq/SRR104/000/SRR1043400/SRR1043400.fastq.gz	ftp.sra.ebi.ac.uk/vol1/srr/SRR104/000/SRR1043400	CCTATCGT
PRJNA203208	SAMN02436990	SRX387380	SRR1043401	10090	Mus musculus	Illumina HiSeq 2000 sequencing; GSM1280171: ESCell_13_TCGACAT_amplified; Mus musculus; RNA-Seq	ftp.sra.ebi.ac.uk/vol1/fastq/SRR104/001/SRR1043401/SRR1043401.fastq.gz	ftp.sra.ebi.ac.uk/vol1/srr/SRR104/001/SRR1043401	TCGACATC
PRJNA203208	SAMN02436991	SRX387381	SRR1043402	10090	Mus musculus	Illumina HiSeq 2000 sequencing; GSM1280172: ESCell_14_ACCCGTA_amplified; Mus musculus; RNA-Seq	ftp.sra.ebi.ac.uk/vol1/fastq/SRR104/002/SRR1043402/SRR1043402.fastq.gz	ftp.sra.ebi.ac.uk/vol1/srr/SRR104/002/SRR1043402	ACCCGTAA
PRJNA203208	SAMN02436993	SRX387382	SRR1043403	10090	Mus musculus	Illumina HiSeq 2000 sequencing; GSM1280173: ESCell_15_ATGCTGT_amplified; Mus musculus; RNA-Seq	ftp.sra.ebi.ac.uk/vol1/fastq/SRR104/003/SRR1043403/SRR1043403.fastq.gz	ftp.sra.ebi.ac.uk/vol1/srr/SRR104/003/SRR1043403	ATGCTGTG
PRJNA203208	SAMN02436994	SRX387383	SRR1043404	10090	Mus musculus	Illumina HiSeq 2000 sequencing; GSM1280174: ESCell_16_TGTCAAA_amplified; Mus musculus; RNA-Seq	ftp.sra.ebi.ac.uk/vol1/fastq/SRR104/004/SRR1043404/SRR1043404.fastq.gz	ftp.sra.ebi.ac.uk/vol1/srr/SRR104/004/SRR1043404	TGTCAAAG
PRJNA203208	SAMN02436992	SRX387384	SRR1043405	10090	Mus musculus	Illumina HiSeq 2000 sequencing; GSM1280175: ESCell_17_CTTGAAG_amplified; Mus musculus; RNA-Seq	ftp.sra.ebi.ac.uk/vol1/fastq/SRR104/005/SRR1043405/SRR1043405.fastq.gz	ftp.sra.ebi.ac.uk/vol1/srr/SRR104/005/SRR1043405	CTTGAAGG
PRJNA203208	SAMN02436995	SRX387385	SRR1043406	10090	Mus musculus	Illumina HiSeq 2000 sequencing; GSM1280176: ESCell_18_CAGGACT_amplified; Mus musculus; RNA-Seq	ftp.sra.ebi.ac.uk/vol1/fastq/SRR104/006/SRR1043406/SRR1043406.fastq.gz	ftp.sra.ebi.ac.uk/vol1/srr/SRR104/006/SRR1043406	CAGGACTC
PRJNA203208	SAMN02436998	SRX387386	SRR1043407	10090	Mus musculus	Illumina HiSeq 2000 sequencing; GSM1280177: ESCell_19_TCAGTGT_amplified; Mus musculus; RNA-Seq	ftp.sra.ebi.ac.uk/vol1/fastq/SRR104/007/SRR1043407/SRR1043407.fastq.gz	ftp.sra.ebi.ac.uk/vol1/srr/SRR104/007/SRR1043407	TCAGTGTG
PRJNA203208	SAMN02436996	SRX387387	SRR1043408	10090	Mus musculus	Illumina HiSeq 2000 sequencing; GSM1280178: ESCell_20_CCTGTAA_amplified; Mus musculus; RNA-Seq	ftp.sra.ebi.ac.uk/vol1/fastq/SRR104/008/SRR1043408/SRR1043408.fastq.gz	ftp.sra.ebi.ac.uk/vol1/srr/SRR104/008/SRR1043408	CCTGTAAC
PRJNA203208	SAMN02436997	SRX387388	SRR1043409	10090	Mus musculus	Illumina HiSeq 2000 sequencing; GSM1280179: ESCell_21_AAAGGTC_amplified; Mus musculus; RNA-Seq	ftp.sra.ebi.ac.uk/vol1/fastq/SRR104/009/SRR1043409/SRR1043409.fastq.gz	ftp.sra.ebi.ac.uk/vol1/srr/SRR104/009/SRR1043409	AAAGGTCC
PRJNA203208	SAMN02437001	SRX387389	SRR1043410	10090	Mus musculus	Illumina HiSeq 2000 sequencing; GSM1280180: ESCell_22_GAACGGA_amplified; Mus musculus; RNA-Seq	ftp.sra.ebi.ac.uk/vol1/fastq/SRR104/000/SRR1043410/SRR1043410.fastq.gz	ftp.sra.ebi.ac.uk/vol1/srr/SRR104/000/SRR1043410	GAACGGAA
PRJNA203208	SAMN02437003	SRX387390	SRR1043411	10090	Mus musculus	Illumina HiSeq 2000 sequencing; GSM1280181: ESCell_23_CAAACAG_amplified; Mus musculus; RNA-Seq	ftp.sra.ebi.ac.uk/vol1/fastq/SRR104/001/SRR1043411/SRR1043411.fastq.gz	ftp.sra.ebi.ac.uk/vol1/srr/SRR104/001/SRR1043411	CAAACAGT
PRJNA203208	SAMN02437029	SRX387391	SRR1043412	10090	Mus musculus	Illumina HiSeq 2000 sequencing; GSM1280182: ESCell_24_AGCCACT_amplified; Mus musculus; RNA-Seq	ftp.sra.ebi.ac.uk/vol1/fastq/SRR104/002/SRR1043412/SRR1043412.fastq.gz	ftp.sra.ebi.ac.uk/vol1/srr/SRR104/002/SRR1043412	AGCCACTT
PRJNA203208	SAMN02437000	SRX387392	SRR1043413	10090	Mus musculus	Illumina HiSeq 2000 sequencing; GSM1280183: ESCell_25_TTGTACA_amplified; Mus musculus; RNA-Seq	ftp.sra.ebi.ac.uk/vol1/fastq/SRR104/003/SRR1043413/SRR1043413.fastq.gz	ftp.sra.ebi.ac.uk/vol1/srr/SRR104/003/SRR1043413	TTGTACAG
PRJNA203208	SAMN02436999	SRX387393	SRR1043414	10090	Mus musculus	Illumina HiSeq 2000 sequencing; GSM1280184: ESCell_26_ACTTTGC_amplified; Mus musculus; RNA-Seq	ftp.sra.ebi.ac.uk/vol1/fastq/SRR104/004/SRR1043414/SRR1043414.fastq.gz	ftp.sra.ebi.ac.uk/vol1/srr/SRR104/004/SRR1043414	ACTTTGCG
PRJNA203208	SAMN02437004	SRX387394	SRR1043415	10090	Mus musculus	Illumina HiSeq 2000 sequencing; GSM1280185: ESCell_27_TCATGCA_amplified; Mus musculus; RNA-Seq	ftp.sra.ebi.ac.uk/vol1/fastq/SRR104/005/SRR1043415/SRR1043415.fastq.gz	ftp.sra.ebi.ac.uk/vol1/srr/SRR104/005/SRR1043415	TCATGCAC
PRJNA203208	SAMN02437002	SRX387395	SRR1043416	10090	Mus musculus	Illumina HiSeq 2000 sequencing; GSM1280186: ESCell_28_CTAATGA_amplified; Mus musculus; RNA-Seq	ftp.sra.ebi.ac.uk/vol1/fastq/SRR104/006/SRR1043416/SRR1043416.fastq.gz	ftp.sra.ebi.ac.uk/vol1/srr/SRR104/006/SRR1043416	CTAATGAC
PRJNA203208	SAMN02437040	SRX387396	SRR1043417	10090	Mus musculus	Illumina HiSeq 2000 sequencing; GSM1280187: ESCell_29_AAGGAGC_amplified; Mus musculus; RNA-Seq	ftp.sra.ebi.ac.uk/vol1/fastq/SRR104/007/SRR1043417/SRR1043417.fastq.gz	ftp.sra.ebi.ac.uk/vol1/srr/SRR104/007/SRR1043417	AAGGAGCT
PRJNA203208	SAMN02437051	SRX387397	SRR1043418	10090	Mus musculus	Illumina HiSeq 2000 sequencing; GSM1280188: ESCell_30_TCGGGTG_amplified; Mus musculus; RNA-Seq	ftp.sra.ebi.ac.uk/vol1/fastq/SRR104/008/SRR1043418/SRR1043418.fastq.gz	ftp.sra.ebi.ac.uk/vol1/srr/SRR104/008/SRR1043418	TCGGGTGA
PRJNA203208	SAMN02437030	SRX387398	SRR1043419	10090	Mus musculus	Illumina HiSeq 2000 sequencing; GSM1280189: ESCell_31_GTGGCAA_amplified; Mus musculus; RNA-Seq	ftp.sra.ebi.ac.uk/vol1/fastq/SRR104/009/SRR1043419/SRR1043419.fastq.gz	ftp.sra.ebi.ac.uk/vol1/srr/SRR104/009/SRR1043419	GTGGCAAC
PRJNA203208	SAMN02437039	SRX387399	SRR1043420	10090	Mus musculus	Illumina HiSeq 2000 sequencing; GSM1280190: ESCell_32_TTGGTAC_amplified; Mus musculus; RNA-Seq	ftp.sra.ebi.ac.uk/vol1/fastq/SRR104/000/SRR1043420/SRR1043420.fastq.gz	ftp.sra.ebi.ac.uk/vol1/srr/SRR104/000/SRR1043420	TTGGTACA
PRJNA203208	SAMN02437052	SRX387400	SRR1043421	10090	Mus musculus	Illumina HiSeq 2000 sequencing; GSM1280191: ESCell_33_ACCTCGT_amplified; Mus musculus; RNA-Seq	ftp.sra.ebi.ac.uk/vol1/fastq/SRR104/001/SRR1043421/SRR1043421.fastq.gz	ftp.sra.ebi.ac.uk/vol1/srr/SRR104/001/SRR1043421	ACCTCGTT
PRJNA203208	SAMN02437042	SRX387401	SRR1043422	10090	Mus musculus	Illumina HiSeq 2000 sequencing; GSM1280192: ESCell_34_TGGTGGC_amplified; Mus musculus; RNA-Seq	ftp.sra.ebi.ac.uk/vol1/fastq/SRR104/002/SRR1043422/SRR1043422.fastq.gz	ftp.sra.ebi.ac.uk/vol1/srr/SRR104/002/SRR1043422	TGGTGGCT
PRJNA203208	SAMN02437044	SRX387402	SRR1043423	10090	Mus musculus	Illumina HiSeq 2000 sequencing; GSM1280193: ESCell_35_TGATTAC_amplified; Mus musculus; RNA-Seq	ftp.sra.ebi.ac.uk/vol1/fastq/SRR104/003/SRR1043423/SRR1043423.fastq.gz	ftp.sra.ebi.ac.uk/vol1/srr/SRR104/003/SRR1043423	TGATTACC
PRJNA203208	SAMN02437053	SRX387403	SRR1043424	10090	Mus musculus	Illumina HiSeq 2000 sequencing; GSM1280194: ESCell_36_TGGACTG_amplified; Mus musculus; RNA-Seq	ftp.sra.ebi.ac.uk/vol1/fastq/SRR104/004/SRR1043424/SRR1043424.fastq.gz	ftp.sra.ebi.ac.uk/vol1/srr/SRR104/004/SRR1043424	TGGACTGG
PRJNA203208	SAMN02437047	SRX387404	SRR1043425	10090	Mus musculus	Illumina HiSeq 2000 sequencing; GSM1280195: ESCell_37_GCTGAGG_amplified; Mus musculus; RNA-Seq	ftp.sra.ebi.ac.uk/vol1/fastq/SRR104/005/SRR1043425/SRR1043425.fastq.gz	ftp.sra.ebi.ac.uk/vol1/srr/SRR104/005/SRR1043425	GCTGAGGT
PRJNA203208	SAMN02437045	SRX387405	SRR1043426	10090	Mus musculus	Illumina HiSeq 2000 sequencing; GSM1280196: ESCell_38_AGTCCAC_amplified; Mus musculus; RNA-Seq	ftp.sra.ebi.ac.uk/vol1/fastq/SRR104/006/SRR1043426/SRR1043426.fastq.gz	ftp.sra.ebi.ac.uk/vol1/srr/SRR104/006/SRR1043426	AGTCCACC
PRJNA203208	SAMN02437054	SRX387406	SRR1043427	10090	Mus musculus	Illumina HiSeq 2000 sequencing; GSM1280197: ESCell_39_GGTTTGT_amplified; Mus musculus; RNA-Seq	ftp.sra.ebi.ac.uk/vol1/fastq/SRR104/007/SRR1043427/SRR1043427.fastq.gz	ftp.sra.ebi.ac.uk/vol1/srr/SRR104/007/SRR1043427	GGTTTGTC
PRJNA203208	SAMN02437043	SRX387407	SRR1043428	10090	Mus musculus	Illumina HiSeq 2000 sequencing; GSM1280198: ESCell_40_CGGAGTT_amplified; Mus musculus; RNA-Seq	ftp.sra.ebi.ac.uk/vol1/fastq/SRR104/008/SRR1043428/SRR1043428.fastq.gz	ftp.sra.ebi.ac.uk/vol1/srr/SRR104/008/SRR1043428	CGGAGTTA
PRJNA203208	SAMN02437048	SRX387408	SRR1043429	10090	Mus musculus	Illumina HiSeq 2000 sequencing; GSM1280199: ESCell_41_CACGGTG_amplified; Mus musculus; RNA-Seq	ftp.sra.ebi.ac.uk/vol1/fastq/SRR104/009/SRR1043429/SRR1043429.fastq.gz	ftp.sra.ebi.ac.uk/vol1/srr/SRR104/009/SRR1043429	CACGGTGT
PRJNA203208	SAMN02437056	SRX387409	SRR1043430	10090	Mus musculus	Illumina HiSeq 2000 sequencing; GSM1280200: ESCell_42_CGTTCTA_amplified; Mus musculus; RNA-Seq	ftp.sra.ebi.ac.uk/vol1/fastq/SRR104/000/SRR1043430/SRR1043430.fastq.gz	ftp.sra.ebi.ac.uk/vol1/srr/SRR104/000/SRR1043430	CGTTCTAC
PRJNA203208	SAMN02437055	SRX387410	SRR1043431	10090	Mus musculus	Illumina HiSeq 2000 sequencing; GSM1280201: ESCell_43_GTCAATC_amplified; Mus musculus; RNA-Seq	ftp.sra.ebi.ac.uk/vol1/fastq/SRR104/001/SRR1043431/SRR1043431.fastq.gz	ftp.sra.ebi.ac.uk/vol1/srr/SRR104/001/SRR1043431	GTCAATCC
PRJNA203208	SAMN02437050	SRX387411	SRR1043432	10090	Mus musculus	Illumina HiSeq 2000 sequencing; GSM1280202: ESCell_44_GGATACG_amplified; Mus musculus; RNA-Seq	ftp.sra.ebi.ac.uk/vol1/fastq/SRR104/002/SRR1043432/SRR1043432.fastq.gz	ftp.sra.ebi.ac.uk/vol1/srr/SRR104/002/SRR1043432	GGATACGT
PRJNA203208	SAMN02437059	SRX387412	SRR1043433	10090	Mus musculus	Illumina HiSeq 2000 sequencing; GSM1280203: ESCell_45_TTTCCGA_amplified; Mus musculus; RNA-Seq	ftp.sra.ebi.ac.uk/vol1/fastq/SRR104/003/SRR1043433/SRR1043433.fastq.gz	ftp.sra.ebi.ac.uk/vol1/srr/SRR104/003/SRR1043433	TTTCCGAA
PRJNA203208	SAMN02437058	SRX387413	SRR1043434	10090	Mus musculus	Illumina HiSeq 2000 sequencing; GSM1280204: ESCell_46_ACACAAC_amplified; Mus musculus; RNA-Seq	ftp.sra.ebi.ac.uk/vol1/fastq/SRR104/004/SRR1043434/SRR1043434.fastq.gz	ftp.sra.ebi.ac.uk/vol1/srr/SRR104/004/SRR1043434	ACACAACT
PRJNA203208	SAMN02437049	SRX387414	SRR1043435	10090	Mus musculus	Illumina HiSeq 2000 sequencing; GSM1280205: ESCell_47_ATGTGCT_amplified; Mus musculus; RNA-Seq	ftp.sra.ebi.ac.uk/vol1/fastq/SRR104/005/SRR1043435/SRR1043435.fastq.gz	ftp.sra.ebi.ac.uk/vol1/srr/SRR104/005/SRR1043435	ATGTGCTT
PRJNA203208	SAMN02437061	SRX387415	SRR1043436	10090	Mus musculus	Illumina HiSeq 2000 sequencing; GSM1280206: ESCell_48_AATGACA_amplified; Mus musculus; RNA-Seq	ftp.sra.ebi.ac.uk/vol1/fastq/SRR104/006/SRR1043436/SRR1043436.fastq.gz	ftp.sra.ebi.ac.uk/vol1/srr/SRR104/006/SRR1043436	AATGACAG
PRJNA203208	SAMN02437063	SRX387416	SRR1043437	10090	Mus musculus	Illumina HiSeq 2000 sequencing; GSM1280207: ESCell_49_TATAGGA_amplified; Mus musculus; RNA-Seq	ftp.sra.ebi.ac.uk/vol1/fastq/SRR104/007/SRR1043437/SRR1043437.fastq.gz	ftp.sra.ebi.ac.uk/vol1/srr/SRR104/007/SRR1043437	TATAGGAC
PRJNA203208	SAMN02437057	SRX387417	SRR1043438	10090	Mus musculus	Illumina HiSeq 2000 sequencing; GSM1280208: ESCell_50_CAGCGTA_amplified; Mus musculus; RNA-Seq	ftp.sra.ebi.ac.uk/vol1/fastq/SRR104/008/SRR1043438/SRR1043438.fastq.gz	ftp.sra.ebi.ac.uk/vol1/srr/SRR104/008/SRR1043438	CAGCGTAG
PRJNA203208	SAMN02437064	SRX387418	SRR1043439	10090	Mus musculus	Illumina HiSeq 2000 sequencing; GSM1280209: ESCell_51_ACAATCC_amplified; Mus musculus; RNA-Seq	ftp.sra.ebi.ac.uk/vol1/fastq/SRR104/009/SRR1043439/SRR1043439.fastq.gz	ftp.sra.ebi.ac.uk/vol1/srr/SRR104/009/SRR1043439	ACAATCCC
PRJNA203208	SAMN02437065	SRX387419	SRR1043440	10090	Mus musculus	Illumina HiSeq 2000 sequencing; GSM1280210: ESCell_52_CTACATC_amplified; Mus musculus; RNA-Seq	ftp.sra.ebi.ac.uk/vol1/fastq/SRR104/000/SRR1043440/SRR1043440.fastq.gz	ftp.sra.ebi.ac.uk/vol1/srr/SRR104/000/SRR1043440	CTACATCA
PRJNA203208	SAMN02437101	SRX387420	SRR1043441	10090	Mus musculus	Illumina HiSeq 2000 sequencing; GSM1280211: ESCell_53_ACAGCGA_amplified; Mus musculus; RNA-Seq	ftp.sra.ebi.ac.uk/vol1/fastq/SRR104/001/SRR1043441/SRR1043441.fastq.gz	ftp.sra.ebi.ac.uk/vol1/srr/SRR104/001/SRR1043441	ACAGCGAA
PRJNA203208	SAMN02437096	SRX387421	SRR1043442	10090	Mus musculus	Illumina HiSeq 2000 sequencing; GSM1280212: ESCell_54_AAGTCTT_amplified; Mus musculus; RNA-Seq	ftp.sra.ebi.ac.uk/vol1/fastq/SRR104/002/SRR1043442/SRR1043442.fastq.gz	ftp.sra.ebi.ac.uk/vol1/srr/SRR104/002/SRR1043442	AAGTCTTC
PRJNA203208	SAMN02437089	SRX387422	SRR1043443	10090	Mus musculus	Illumina HiSeq 2000 sequencing; GSM1280213: ESCell_55_TGCCCAG_amplified; Mus musculus; RNA-Seq	ftp.sra.ebi.ac.uk/vol1/fastq/SRR104/003/SRR1043443/SRR1043443.fastq.gz	ftp.sra.ebi.ac.uk/vol1/srr/SRR104/003/SRR1043443	TGCCCAGA
PRJNA203208	SAMN02437099	SRX387423	SRR1043444	10090	Mus musculus	Illumina HiSeq 2000 sequencing; GSM1280214: ESCell_56_TCTAGTT_amplified; Mus musculus; RNA-Seq	ftp.sra.ebi.ac.uk/vol1/fastq/SRR104/004/SRR1043444/SRR1043444.fastq.gz	ftp.sra.ebi.ac.uk/vol1/srr/SRR104/004/SRR1043444	TCTAGTTG
PRJNA203208	SAMN02437095	SRX387424	SRR1043445	10090	Mus musculus	Illumina HiSeq 2000 sequencing; GSM1280215: ESCell_57_TCCCATG_amplified; Mus musculus; RNA-Seq	ftp.sra.ebi.ac.uk/vol1/fastq/SRR104/005/SRR1043445/SRR1043445.fastq.gz	ftp.sra.ebi.ac.uk/vol1/srr/SRR104/005/SRR1043445	TCCCATGG
PRJNA203208	SAMN02437090	SRX387425	SRR1043446	10090	Mus musculus	Illumina HiSeq 2000 sequencing; GSM1280216: ESCell_58_CGTCGCA_amplified; Mus musculus; RNA-Seq	ftp.sra.ebi.ac.uk/vol1/fastq/SRR104/006/SRR1043446/SRR1043446.fastq.gz	ftp.sra.ebi.ac.uk/vol1/srr/SRR104/006/SRR1043446	CGTCGCAT
PRJNA203208	SAMN02437094	SRX387426	SRR1043447	10090	Mus musculus	Illumina HiSeq 2000 sequencing; GSM1280217: ESCell_59_CTACCCT_amplified; Mus musculus; RNA-Seq	ftp.sra.ebi.ac.uk/vol1/fastq/SRR104/007/SRR1043447/SRR1043447.fastq.gz	ftp.sra.ebi.ac.uk/vol1/srr/SRR104/007/SRR1043447	CTACCCTC
PRJNA203208	SAMN02437106	SRX387427	SRR1043448	10090	Mus musculus	Illumina HiSeq 2000 sequencing; GSM1280218: ESCell_60_TTCACCC_amplified; Mus musculus; RNA-Seq	ftp.sra.ebi.ac.uk/vol1/fastq/SRR104/008/SRR1043448/SRR1043448.fastq.gz	ftp.sra.ebi.ac.uk/vol1/srr/SRR104/008/SRR1043448	TTCACCCG
PRJNA203208	SAMN02437104	SRX387428	SRR1043449	10090	Mus musculus	Illumina HiSeq 2000 sequencing; GSM1280219: ESCell_61_AAGATGG_amplified; Mus musculus; RNA-Seq	ftp.sra.ebi.ac.uk/vol1/fastq/SRR104/009/SRR1043449/SRR1043449.fastq.gz	ftp.sra.ebi.ac.uk/vol1/srr/SRR104/009/SRR1043449	AAGATGGC
PRJNA203208	SAMN02437100	SRX387429	SRR1043450	10090	Mus musculus	Illumina HiSeq 2000 sequencing; GSM1280220: ESCell_62_GATTATG_amplified; Mus musculus; RNA-Seq	ftp.sra.ebi.ac.uk/vol1/fastq/SRR104/000/SRR1043450/SRR1043450.fastq.gz	ftp.sra.ebi.ac.uk/vol1/srr/SRR104/000/SRR1043450	GATTATGC
PRJNA203208	SAMN02437108	SRX387430	SRR1043451	10090	Mus musculus	Illumina HiSeq 2000 sequencing; GSM1280221: ESCell_63_ACCATAG_amplified; Mus musculus; RNA-Seq	ftp.sra.ebi.ac.uk/vol1/fastq/SRR104/001/SRR1043451/SRR1043451.fastq.gz	ftp.sra.ebi.ac.uk/vol1/srr/SRR104/001/SRR1043451	ACCATAGA
PRJNA203208	SAMN02437107	SRX387431	SRR1043452	10090	Mus musculus	Illumina HiSeq 2000 sequencing; GSM1280222: ESCell_64_TAAGTCC_amplified; Mus musculus; RNA-Seq	ftp.sra.ebi.ac.uk/vol1/fastq/SRR104/002/SRR1043452/SRR1043452.fastq.gz	ftp.sra.ebi.ac.uk/vol1/srr/SRR104/002/SRR1043452	TAAGTCCT
PRJNA203208	SAMN02437102	SRX387432	SRR1043453	10090	Mus musculus	Illumina HiSeq 2000 sequencing; GSM1280223: ESCell_65_GAATCAC_amplified; Mus musculus; RNA-Seq	ftp.sra.ebi.ac.uk/vol1/fastq/SRR104/003/SRR1043453/SRR1043453.fastq.gz	ftp.sra.ebi.ac.uk/vol1/srr/SRR104/003/SRR1043453	GAATCACG
PRJNA203208	SAMN02437110	SRX387433	SRR1043454	10090	Mus musculus	Illumina HiSeq 2000 sequencing; GSM1280224: ESCell_66_TCGCTAG_amplified; Mus musculus; RNA-Seq	ftp.sra.ebi.ac.uk/vol1/fastq/SRR104/004/SRR1043454/SRR1043454.fastq.gz	ftp.sra.ebi.ac.uk/vol1/srr/SRR104/004/SRR1043454	TCGCTAGT
PRJNA203208	SAMN02437103	SRX387434	SRR1043455	10090	Mus musculus	Illumina HiSeq 2000 sequencing; GSM1280225: ESCell_67_GGAGTTA_amplified; Mus musculus; RNA-Seq	ftp.sra.ebi.ac.uk/vol1/fastq/SRR104/005/SRR1043455/SRR1043455.fastq.gz	ftp.sra.ebi.ac.uk/vol1/srr/SRR104/005/SRR1043455	GGAGTTAC
PRJNA203208	SAMN02437111	SRX387435	SRR1043456	10090	Mus musculus	Illumina HiSeq 2000 sequencing; GSM1280226: ESCell_68_CACTTCC_amplified; Mus musculus; RNA-Seq	ftp.sra.ebi.ac.uk/vol1/fastq/SRR104/006/SRR1043456/SRR1043456.fastq.gz	ftp.sra.ebi.ac.uk/vol1/srr/SRR104/006/SRR1043456	CACTTCCG
PRJNA203208	SAMN02437121	SRX387436	SRR1043457	10090	Mus musculus	Illumina HiSeq 2000 sequencing; GSM1280227: ESCell_69_GTACTCG_amplified; Mus musculus; RNA-Seq	ftp.sra.ebi.ac.uk/vol1/fastq/SRR104/007/SRR1043457/SRR1043457.fastq.gz	ftp.sra.ebi.ac.uk/vol1/srr/SRR104/007/SRR1043457	GTACTCGG
PRJNA203208	SAMN02437105	SRX387437	SRR1043458	10090	Mus musculus	Illumina HiSeq 2000 sequencing; GSM1280228: ESCell_70_ATTGCGT_amplified; Mus musculus; RNA-Seq	ftp.sra.ebi.ac.uk/vol1/fastq/SRR104/008/SRR1043458/SRR1043458.fastq.gz	ftp.sra.ebi.ac.uk/vol1/srr/SRR104/008/SRR1043458	ATTGCGTC
PRJNA203208	SAMN02437112	SRX387438	SRR1043459	10090	Mus musculus	Illumina HiSeq 2000 sequencing; GSM1280229: ESCell_71_CTCCAGG_amplified; Mus musculus; RNA-Seq	ftp.sra.ebi.ac.uk/vol1/fastq/SRR104/009/SRR1043459/SRR1043459.fastq.gz	ftp.sra.ebi.ac.uk/vol1/srr/SRR104/009/SRR1043459	CTCCAGGT
PRJNA203208	SAMN02437127	SRX387439	SRR1043460	10090	Mus musculus	Illumina HiSeq 2000 sequencing; GSM1280230: ESCell_72_AACCCAT_amplified; Mus musculus; RNA-Seq	ftp.sra.ebi.ac.uk/vol1/fastq/SRR104/000/SRR1043460/SRR1043460.fastq.gz	ftp.sra.ebi.ac.uk/vol1/srr/SRR104/000/SRR1043460	AACCCATG
PRJNA203208	SAMN02437109	SRX387440	SRR1043461	10090	Mus musculus	Illumina HiSeq 2000 sequencing; GSM1280231: ESCell_73_CTAGGAA_amplified; Mus musculus; RNA-Seq	ftp.sra.ebi.ac.uk/vol1/fastq/SRR104/001/SRR1043461/SRR1043461.fastq.gz	ftp.sra.ebi.ac.uk/vol1/srr/SRR104/001/SRR1043461	CTAGGAAT
PRJNA203208	SAMN02437113	SRX387441	SRR1043462	10090	Mus musculus	Illumina HiSeq 2000 sequencing; GSM1280232: ESCell_74_GCATGAT_amplified; Mus musculus; RNA-Seq	ftp.sra.ebi.ac.uk/vol1/fastq/SRR104/002/SRR1043462/SRR1043462.fastq.gz	ftp.sra.ebi.ac.uk/vol1/srr/SRR104/002/SRR1043462	GCATGATT
PRJNA203208	SAMN02437128	SRX387442	SRR1043463	10090	Mus musculus	Illumina HiSeq 2000 sequencing; GSM1280233: ESCell_75_AGGGAAG_amplified; Mus musculus; RNA-Seq	ftp.sra.ebi.ac.uk/vol1/fastq/SRR104/003/SRR1043463/SRR1043463.fastq.gz	ftp.sra.ebi.ac.uk/vol1/srr/SRR104/003/SRR1043463	AGGGAAGC
PRJNA203208	SAMN02437114	SRX387443	SRR1043464	10090	Mus musculus	Illumina HiSeq 2000 sequencing; GSM1280234: ESCell_76_CTTTACC_amplified; Mus musculus; RNA-Seq	ftp.sra.ebi.ac.uk/vol1/fastq/SRR104/004/SRR1043464/SRR1043464.fastq.gz	ftp.sra.ebi.ac.uk/vol1/srr/SRR104/004/SRR1043464	CTTTACCT
PRJNA203208	SAMN02437119	SRX387444	SRR1043465	10090	Mus musculus	Illumina HiSeq 2000 sequencing; GSM1280235: ESCell_77_AGTTGTG_amplified; Mus musculus; RNA-Seq	ftp.sra.ebi.ac.uk/vol1/fastq/SRR104/005/SRR1043465/SRR1043465.fastq.gz	ftp.sra.ebi.ac.uk/vol1/srr/SRR104/005/SRR1043465	AGTTGTGG
PRJNA203208	SAMN02437131	SRX387445	SRR1043466	10090	Mus musculus	Illumina HiSeq 2000 sequencing; GSM1280236: ESCell_78_ATGCCTG_amplified; Mus musculus; RNA-Seq	ftp.sra.ebi.ac.uk/vol1/fastq/SRR104/006/SRR1043466/SRR1043466.fastq.gz	ftp.sra.ebi.ac.uk/vol1/srr/SRR104/006/SRR1043466	ATGCCTGT
PRJNA203208	SAMN02437115	SRX387446	SRR1043467	10090	Mus musculus	Illumina HiSeq 2000 sequencing; GSM1280237: ESCell_79_GACACAA_amplified; Mus musculus; RNA-Seq	ftp.sra.ebi.ac.uk/vol1/fastq/SRR104/007/SRR1043467/SRR1043467.fastq.gz	ftp.sra.ebi.ac.uk/vol1/srr/SRR104/007/SRR1043467	GACACAAA
PRJNA203208	SAMN02437120	SRX387447	SRR1043468	10090	Mus musculus	Illumina HiSeq 2000 sequencing; GSM1280238: ESCell_80_TATGCTC_amplified; Mus musculus; RNA-Seq	ftp.sra.ebi.ac.uk/vol1/fastq/SRR104/008/SRR1043468/SRR1043468.fastq.gz	ftp.sra.ebi.ac.uk/vol1/srr/SRR104/008/SRR1043468	TATGCTCA
PRJNA203208	SAMN02437132	SRX387448	SRR1043469	10090	Mus musculus	Illumina HiSeq 2000 sequencing; GSM1280239: ESCell_81_GCGTCTA_amplified; Mus musculus; RNA-Seq	ftp.sra.ebi.ac.uk/vol1/fastq/SRR104/009/SRR1043469/SRR1043469.fastq.gz	ftp.sra.ebi.ac.uk/vol1/srr/SRR104/009/SRR1043469	GCGTCTAA
PRJNA203208	SAMN02437116	SRX387449	SRR1043470	10090	Mus musculus	Illumina HiSeq 2000 sequencing; GSM1280240: ESCell_82_AGCAAGC_amplified; Mus musculus; RNA-Seq	ftp.sra.ebi.ac.uk/vol1/fastq/SRR104/000/SRR1043470/SRR1043470.fastq.gz	ftp.sra.ebi.ac.uk/vol1/srr/SRR104/000/SRR1043470	AGCAAGCG
PRJNA203208	SAMN02437123	SRX387450	SRR1043471	10090	Mus musculus	Illumina HiSeq 2000 sequencing; GSM1280241: ESCell_83_GGCAGAC_amplified; Mus musculus; RNA-Seq	ftp.sra.ebi.ac.uk/vol1/fastq/SRR104/001/SRR1043471/SRR1043471.fastq.gz	ftp.sra.ebi.ac.uk/vol1/srr/SRR104/001/SRR1043471	GGCAGACT
PRJNA203208	SAMN02437133	SRX387451	SRR1043472	10090	Mus musculus	Illumina HiSeq 2000 sequencing; GSM1280242: ESCell_84_CGACTAT_amplified; Mus musculus; RNA-Seq	ftp.sra.ebi.ac.uk/vol1/fastq/SRR104/002/SRR1043472/SRR1043472.fastq.gz	ftp.sra.ebi.ac.uk/vol1/srr/SRR104/002/SRR1043472	CGACTATG
PRJNA203208	SAMN02437117	SRX387452	SRR1043473	10090	Mus musculus	Illumina HiSeq 2000 sequencing; GSM1280243: ESCell_85_CAGCAAG_amplified; Mus musculus; RNA-Seq	ftp.sra.ebi.ac.uk/vol1/fastq/SRR104/003/SRR1043473/SRR1043473.fastq.gz	ftp.sra.ebi.ac.uk/vol1/srr/SRR104/003/SRR1043473	CAGCAAGA
PRJNA203208	SAMN02437125	SRX387453	SRR1043474	10090	Mus musculus	Illumina HiSeq 2000 sequencing; GSM1280244: ESCell_86_GTTGTCC_amplified; Mus musculus; RNA-Seq	ftp.sra.ebi.ac.uk/vol1/fastq/SRR104/004/SRR1043474/SRR1043474.fastq.gz	ftp.sra.ebi.ac.uk/vol1/srr/SRR104/004/SRR1043474	GTTGTCCC
PRJNA203208	SAMN02437134	SRX387454	SRR1043475	10090	Mus musculus	Illumina HiSeq 2000 sequencing; GSM1280245: ESCell_87_GGGAATA_amplified; Mus musculus; RNA-Seq	ftp.sra.ebi.ac.uk/vol1/fastq/SRR104/005/SRR1043475/SRR1043475.fastq.gz	ftp.sra.ebi.ac.uk/vol1/srr/SRR104/005/SRR1043475	GGGAATAT
PRJNA203208	SAMN02437118	SRX387455	SRR1043476	10090	Mus musculus	Illumina HiSeq 2000 sequencing; GSM1280246: ESCell_88_GCTTAAC_amplified; Mus musculus; RNA-Seq	ftp.sra.ebi.ac.uk/vol1/fastq/SRR104/006/SRR1043476/SRR1043476.fastq.gz	ftp.sra.ebi.ac.uk/vol1/srr/SRR104/006/SRR1043476	GCTTAACA
PRJNA203208	SAMN02437124	SRX387456	SRR1043477	10090	Mus musculus	Illumina HiSeq 2000 sequencing; GSM1280247: ESCell_89_GAGGCGT_amplified; Mus musculus; RNA-Seq	ftp.sra.ebi.ac.uk/vol1/fastq/SRR104/007/SRR1043477/SRR1043477.fastq.gz	ftp.sra.ebi.ac.uk/vol1/srr/SRR104/007/SRR1043477	GAGGCGTA
PRJNA203208	SAMN02437135	SRX387457	SRR1043478	10090	Mus musculus	Illumina HiSeq 2000 sequencing; GSM1280248: ESCell_90_GATAAGT_amplified; Mus musculus; RNA-Seq	ftp.sra.ebi.ac.uk/vol1/fastq/SRR104/008/SRR1043478/SRR1043478.fastq.gz	ftp.sra.ebi.ac.uk/vol1/srr/SRR104/008/SRR1043478	GATAAGTG
PRJNA203208	SAMN02437122	SRX387458	SRR1043479	10090	Mus musculus	Illumina HiSeq 2000 sequencing; GSM1280249: ESCell_91_TTAGCGG_amplified; Mus musculus; RNA-Seq	ftp.sra.ebi.ac.uk/vol1/fastq/SRR104/009/SRR1043479/SRR1043479.fastq.gz	ftp.sra.ebi.ac.uk/vol1/srr/SRR104/009/SRR1043479	TTAGCGGT
PRJNA203208	SAMN02437129	SRX387459	SRR1043480	10090	Mus musculus	Illumina HiSeq 2000 sequencing; GSM1280250: ESCell_92_GGACCTT_amplified; Mus musculus; RNA-Seq	ftp.sra.ebi.ac.uk/vol1/fastq/SRR104/000/SRR1043480/SRR1043480.fastq.gz	ftp.sra.ebi.ac.uk/vol1/srr/SRR104/000/SRR1043480	GGACCTTA
PRJNA203208	SAMN02437136	SRX387460	SRR1043481	10090	Mus musculus	Illumina HiSeq 2000 sequencing; GSM1280251: ESCell_93_CACCTTT_amplified; Mus musculus; RNA-Seq	ftp.sra.ebi.ac.uk/vol1/fastq/SRR104/001/SRR1043481/SRR1043481.fastq.gz	ftp.sra.ebi.ac.uk/vol1/srr/SRR104/001/SRR1043481	CACCTTTC
PRJNA203208	SAMN02437126	SRX387461	SRR1043482	10090	Mus musculus	Illumina HiSeq 2000 sequencing; GSM1280252: ESCell_94_TACAACG_amplified; Mus musculus; RNA-Seq	ftp.sra.ebi.ac.uk/vol1/fastq/SRR104/002/SRR1043482/SRR1043482.fastq.gz	ftp.sra.ebi.ac.uk/vol1/srr/SRR104/002/SRR1043482	TACAACGT
PRJNA203208	SAMN02437130	SRX387462	SRR1043483	10090	Mus musculus	Illumina HiSeq 2000 sequencing; GSM1280253: ESCell_95_TTCTCTG_amplified; Mus musculus; RNA-Seq	ftp.sra.ebi.ac.uk/vol1/fastq/SRR104/003/SRR1043483/SRR1043483.fastq.gz	ftp.sra.ebi.ac.uk/vol1/srr/SRR104/003/SRR1043483	TTCTCTGC
PRJNA203208	SAMN02437137	SRX387463	SRR1043484	10090	Mus musculus	Illumina HiSeq 2000 sequencing; GSM1280254: ESCell_96_CCAAATG_amplified; Mus musculus; RNA-Seq	ftp.sra.ebi.ac.uk/vol1/fastq/SRR104/004/SRR1043484/SRR1043484.fastq.gz	ftp.sra.ebi.ac.uk/vol1/srr/SRR104/004/SRR1043484	CCAAATGC
