Primer,Barcode i7,Reverse complement
N701,TCGCCTTA,TAAGGCGA
N702,CTAGTACG,CGTACTAG
N703,TTCTGCCT,AGGCAGAA
N704,GCTCAGGA,TCCTGAGC
N705,AGGAGTCC,GGACTCCT
N706,CATGCCTA,TAGGCATG
N707,GTAGAGAG,CTCTCTAC
N710,CAGCCTCG,CGAGGCTG
N711,TGCCTCTT,AAGAGGCA
N712,TCCTCTAC,GTAGAGGA
N714,TCATGAGC,GCTCATGA
N715,CCTGAGAT,ATCTCAGG
N716,TAGCGAGT,ACTCGCTA
N718,GTAGCTCC,GGAGCTAC
N719,TACTACGC,GCGTAGTA
N721,GCAGCGTA,TACGCTGC
N722,CTGCGCAT,ATGCGCAG
N723,GAGCGCTA,TAGCGCTC
N724,CGCTCAGT,ACTGAGCG
N726,GTCTTAGG,CCTAAGAC
N727,ACTGATCG,CGATCAGT
N728,TAGCTGCA,TGCAGCTA
N729,GACGTCGA,TCGACGTC
X730,TACCAGAG,CTCTGGTA
X731,GGATGGAA,TTCCATCC
X732,ATTGAGGC,GCCTCAAT
X733,CGGATAGA,TCTATCCG
X734,TGGTAGAC,GTCTACCA
X735,ACCTGGTT,AACCAGGT
X736,CAGTTCTG,CAGAACTG
X737,TCGAACGT,ACGTTCGA
X738,CGTTGCTT,AAGCAACG
X739,TACCGTTC,GAACGGTA
X740,TAGGTTGC,GCAACCTA
X741,GAGGCTAA,TTAGCCTC
X742,CGACCATA,TATGGTCG
X743,AGGCAGTA,TACTGCCT
X744,ATCAAGCG,CGCTTGAT
X745,CATTGAAG,CTTCAATG
X746,CGACTTAT,ATAAGTCG
X747,TCTATACG,CGTATAGA
X748,AGCATTAG,CTAATGCT
X749,AATTGGCA,TGCCAATT
X750,AGATTCGT,ACGAATCT
X751,TTCATGAC,GTCATGAA
X752,TGAACTTG,CAAGTTCA
X753,ATGGCATA,TATGCCAT
X754,CGTAATTC,GAATTACG
