original_6bp_bc3,translation
AAAGTG,ACCT
AACTGA,ATGG
TAGCGA,AATG
GTAGAG,AAGC
GTTAGT,AAGT
GTAATC,AACT
ATCTTC,CCTA
AGGTAA,AAAG
GTGATC,AAGG
GTTGCT,AGCA
CACGAA,CCTT
CACATT,ATTG
GCACTA,CAGG
GAAATC,CATC
GACAAT,CAGC
AAGCTC,CCCC
AGGAAA,AAAC
TGTATC,ACAG
AAACTC,CCTC
GAAAGG,ATGT
ACAACC,CACT
CTGGTA,AGAT
ACAAAG,CACG
AAGCAC,ACTG
AAAGGC,ACTA
TGAAAG,CCGC
TGTAAC,ACAC
TGAGAA,CCGT
GTTTGG,AATA
GTACAA,AAGA
ACAGCA,AGTT
TCAAAG,CCAT
TACTCA,CCTG
CAAACA,ATAT
CACAAG,ATTC
TGGGTT,ACAA
TGAACC,CCGG
CCAAAT,CAGA
TAAGGC,ACGA
ACCTTT,CCCA
TTGGTA,ACCC
GATATG,CATG
GCTGTA,AGCC
ACCATA,CAAA
AGAAGG,CCAA
CTTGTT,AGGA
TAGAAC,AATC
CTAAAG,AGGG
ACTTCC,ATAC
GATACC,CCAG
AAAGAC,ACGT
TATTGG,AATT
GAAACC,CATA
TGCTTT,ATCC
AGTGGA,AAAT
ATGTTG,AACC
ATCAAC,CAGT
CTTGAC,AGCT
ATGCAC,AACA
AGACGT,CCAC
CTATGG,AGGT
TACAGA,ATTT
GCTAAG,AGTA
CAATAC,ATCA
AATACC,AGTG
AAACCG,ACGC
TTAACG,ACAT
CTTCGA,CCCT
TCCATA,CAAC
GGTTTC,AACG
ATCTGA,CCGA
CAGTTG,AGCG
TCTACC,CAAT
TAACCC,AGTC
AAACAC,ACGG
GCGTTT,CCCG
TATGCC,AGAC
CTTTAG,AGGC
AAGGTG,AAAA
AGAAAC,CATT
AAGAGA,ACCG
CCTAAT,ATGC
TAAGCC,AGAA
TTCCAG,CACA
GAAGAA,CACC
GAACAG,ATTA
TCAGTC,ATAG
TCTGTG,ATCT
TTGGCA,ACCA
GTTCAC,CAAG
AATAGC,ACTC
TGCTAG,ATCG
ACATGT,ATAA
CTTCCA,ATGA
AGTTAC,ACTT
CTGAAG,AGAG
