Name,Sequence,Reverse complement
R02/03/04_01,AAACCGG,CCGGTTT
R02/03/04_02,AAACGTC,GACGTTT
R02/03/04_03,AAAGATG,CATCTTT
R02/03/04_04,AAATCCA,TGGATTT
R02/03/04_05,AAATGAG,CTCATTT
R02/03/04_06,AACACTG,CAGTGTT
R02/03/04_07,AACGTTT,AAACGTT
R02/03/04_08,AAGAAGC,GCTTCTT
R02/03/04_09,AAGCCCT,AGGGCTT
R02/03/04_10,AAGCTAC,GTAGCTT
R02/03/04_11,AATCTTG,CAAGATT
R02/03/04_12,ACAACAC,GTGTTGT
R02/03/04_13,ACAGTAT,ATACTGT
R02/03/04_14,ACCAAGT,ACTTGGT
R02/03/04_15,ACCCTAA,TTAGGGT
R02/03/04_16,ACCCTTT,AAAGGGT
R02/03/04_17,ACCTCTC,GAGAGGT
R02/03/04_18,ACGATTG,CAATCGT
R02/03/04_19,ACGCAGA,TCTGCGT
R02/03/04_20,ACGTAAA,TTTACGT
R02/03/04_21,ACTACCT,AGGTAGT
R02/03/04_22,ACTCGGT,ACCGAGT
R02/03/04_23,ACTGTCG,CGACAGT
R02/03/04_24,ACTTATG,CATAAGT
R02/03/04_25,AGAAAGG,CCTTTCT
R02/03/04_26,AGAATCT,AGATTCT
R02/03/04_27,AGACATA,TATGTCT
R02/03/04_28,AGAGACC,GGTCTCT
R02/03/04_29,AGCCCAA,TTGGGCT
R02/03/04_30,AGCTATT,AATAGCT
R02/03/04_31,AGGAGGT,ACCTCCT
R02/03/04_32,AGGGCTT,AAGCCCT
R02/03/04_33,AGGTGTA,TACACCT
R02/03/04_34,AGTGCTC,GAGCACT
R02/03/04_35,AGTGGGA,TCCCACT
R02/03/04_36,AGTTACG,CGTAACT
R02/03/04_37,ATAAGGG,CCCTTAT
R02/03/04_38,ATCATTC,GAATGAT
R02/03/04_39,ATGGAAC,GTTCCAT
R02/03/04_40,ATGTGCC,GGCACAT
R02/03/04_41,ATTCACC,GGTGAAT
R02/03/04_42,ATTCGAG,CTCGAAT
R02/03/04_43,CAAGCCT,AGGCTTG
R02/03/04_44,CACAAGG,CCTTGTG
R02/03/04_45,CACCTTA,TAAGGTG
R02/03/04_46,CAGAGTG,CACTCTG
R02/03/04_47,CAGCGAA,TTCGCTG
R02/03/04_48,CAGGTCA,TGACCTG
R02/03/04_49,CATAACT,AGTTATG
R02/03/04_50,CATATCG,CGATATG
R02/03/04_51,CATCGAT,ATCGATG
R02/03/04_52,CATTACA,TGTAATG
R02/03/04_53,CATTTCC,GGAAATG
R02/03/04_54,CCAAATG,CATTTGG
R02/03/04_55,CCACTTG,CAAGTGG
R02/03/04_56,CCGGATA,TATCCGG
R02/03/04_57,CCGGTTT,AAACCGG
R02/03/04_58,CCTAAGA,TCTTAGG
R02/03/04_59,CCTAGTC,GACTAGG
R02/03/04_60,CCTGCAA,TTGCAGG
R02/03/04_61,CGACGTT,AACGTCG
R02/03/04_62,CGAGTAA,TTACTCG
R02/03/04_63,CGATTAT,ATAATCG
R02/03/04_64,CGTAGCA,TGCTACG
R02/03/04_65,CGTCTGA,TCAGACG
R02/03/04_66,CTACAGC,GCTGTAG
R02/03/04_67,CTCAATA,TATTGAG
R02/03/04_68,CTCGTTG,CAACGAG
R02/03/04_69,CTCTACG,CGTAGAG
R02/03/04_70,CTTGGGT,ACCCAAG
R02/03/04_71,GAAACTC,GAGTTTC
R02/03/04_72,GACTGTC,GACAGTC
R02/03/04_73,GATACAG,CTGTATC
R02/03/04_74,GCGATCA,TGATCGC
R02/03/04_75,GCGTACT,AGTACGC
R02/03/04_76,GCTCGAA,TTCGAGC
R02/03/04_77,GGAAGAA,TTCTTCC
R02/03/04_78,GGAGATT,AATCTCC
R02/03/04_79,GGGCTAA,TTAGCCC
R02/03/04_80,GGGTATG,CATACCC
R02/03/04_81,GGTAACC,GGTTACC
R02/03/04_82,GGTAGTG,CACTACC
R02/03/04_83,GGTGAAA,TTTCACC
R02/03/04_84,GTAATCG,CGATTAC
R02/03/04_85,GTATAAG,CTTATAC
R02/03/04_86,GTCAGAC,GTCTGAC
R02/03/04_87,GTCCCTT,AAGGGAC
R02/03/04_88,GTGCCAT,ATGGCAC
R02/03/04_89,GTGGTCT,AGACCAC
R02/03/04_90,GTTCTCC,GGAGAAC
R02/03/04_91,GTTGCTT,AAGCAAC
R02/03/04_92,TACCCGA,TCGGGTA
R02/03/04_93,TAGACGA,TCGTCTA
R02/03/04_94,TAGTCAC,GTGACTA
R02/03/04_95,TCACATC,GATGTGA
R02/03/04_96,TCAGCTG,CAGCTGA
