Primer,Barcode,Reverse complement
P5_1,CTCCATCGAG,CTCGATGGAG
P5_2,TTGGTAGTCG,CGACTACCAA
P5_3,GGCCGTCAAC,GTTGACGGCC
P5_4,CCTAGACGAG,CTCGTCTAGG
P5_5,TCGTTAGAGC,GCTCTAACGA
P5_6,CGTTCTATCA,TGATAGAACG
P5_7,CGGAATCTAA,TTAGATTCCG
P5_8,ATGACTGATC,GATCAGTCAT
P5_9,TCAATATCGA,TCGATATTGA
P5_10,GTAGACCTGG,CCAGGTCTAC
P5_11,TTATGACCAA,TTGGTCATAA
P5_12,TTGGTCCGTT,AACGGACCAA
P5_13,GGTACGTTAA,TTAACGTACC
P5_14,CAATGAGTCC,GGACTCATTG
P5_15,GATGCAGTTC,GAACTGCATC
P5_16,CCATCGTTCC,GGAACGATGG
P5_17,TTGAGAGAGT,ACTCTCTCAA
P5_18,ACTGAGCGAC,GTCGCTCAGT
P5_19,TGAGGAATCA,TGATTCCTCA
P5_20,CCTCCGACGG,CCGTCGGAGG
P5_21,CATTGACGCT,AGCGTCAATG
P5_22,TCGTCCTTCG,CGAAGGACGA
P5_23,TGATACTCAA,TTGAGTATCA
P5_24,TTCTACCTCA,TGAGGTAGAA
P5_25,TCGTCGGAAC,GTTCCGACGA
P5_26,ATCGAGATGA,TCATCTCGAT
P5_27,TAGACTAGTC,GACTAGTCTA
P5_28,GTCGAAGCAG,CTGCTTCGAC
P5_29,AGGCGCTAGG,CCTAGCGCCT
P5_30,AGATGCAACT,AGTTGCATCT
P5_31,AAGCCTACGA,TCGTAGGCTT
P5_32,GTAGGCAATT,AATTGCCTAC
P5_33,GGAGGCGGCG,CGCCGCCTCC
P5_34,CCAGTACTTG,CAAGTACTGG
P5_35,GGTCTCGCCG,CGGCGAGACC
P5_36,GGCGGAGGTC,GACCTCCGCC
P5_37,TAGTTCTAGA,TCTAGAACTA
P5_38,TTGGAGTTAG,CTAACTCCAA
P5_39,AGATCTTGGT,ACCAAGATCT
P5_40,GTAATGATCG,CGATCATTAC
P5_41,CAGAGAGGTC,GACCTCTCTG
P5_42,TTAATTAGCC,GGCTAATTAA
P5_43,CTCTAACTCG,CGAGTTAGAG
P5_44,TACGATCATC,GATGATCGTA
P5_45,AGGCGAGAGC,GCTCTCGCCT
P5_46,TCAAGATAGT,ACTATCTTGA
P5_47,TAATTGACCT,AGGTCAATTA
P5_48,CAGCCGGCTT,AAGCCGGCTG
P5_49,AGAACCGGAG,CTCCGGTTCT
P5_50,GAGATGCATG,CATGCATCTC
P5_51,GATTACCGGA,TCCGGTAATC
P5_52,TCGTAACGGT,ACCGTTACGA
P5_53,TGGCGACGGA,TCCGTCGCCA
P5_54,AGTCATAGCC,GGCTATGACT
P5_55,GTCAAGTCCA,TGGACTTGAC
P5_56,ATTCGGAAGT,ACTTCCGAAT
P5_57,GTCGGTAGTT,AACTACCGAC
P5_58,AGGACGGACG,CGTCCGTCCT
P5_59,CTCCTGGACC,GGTCCAGGAG
P5_60,TAGCCTCGTT,AACGAGGCTA
P5_61,GGTTGAACGT,ACGTTCAACC
P5_62,AGGTCCTCGT,ACGAGGACCT
P5_63,GGAAGTTATA,TATAACTTCC
P5_64,TGGTAATCCT,AGGATTACCA
P5_65,AAGCTAGGTT,AACCTAGCTT
P5_66,TCCGCGGACT,AGTCCGCGGA
P5_67,TGCGGATAGT,ACTATCCGCA
P5_68,TGGCAGCTCG,CGAGCTGCCA
P5_69,TGCTACGGTC,GACCGTAGCA
P5_70,GCGCAATGAC,GTCATTGCGC
P5_71,CTTAATCTTG,CAAGATTAAG
P5_72,GGAGTTGCGT,ACGCAACTCC
P5_73,ACTCGTATCA,TGATACGAGT
P5_74,GGTAATAATG,CATTATTACC
P5_75,TCCTTATAGA,TCTATAAGGA
P5_76,CCGACTCCAA,TTGGAGTCGG
P5_77,GCCAAGCTTG,CAAGCTTGGC
P5_78,CATATCCTAT,ATAGGATATG
P5_79,ACCTACGCCA,TGGCGTAGGT
P5_80,GGAATTCAGT,ACTGAATTCC
P5_81,TGGCGTAGAA,TTCTACGCCA
P5_82,ATTGCGGCCA,TGGCCGCAAT
P5_83,TTCAGCTTGG,CCAAGCTGAA
P5_84,CCATCTGGCA,TGCCAGATGG
P5_85,CTTATAAGTT,AACTTATAAG
P5_86,GATTAGATGA,TCATCTAATC
P5_87,TATAGGATCT,AGATCCTATA
P5_88,AGCTTATAGG,CCTATAAGCT
P5_89,GTCTGCAATC,GATTGCAGAC
P5_90,CGCCTCTTAT,ATAAGAGGCG
P5_91,GTTGGATCTT,AAGATCCAAC
P5_92,GCGATTGCAG,CTGCAATCGC
P5_93,TGCCAGTTGC,GCAACTGGCA
P5_94,CTTAGGTATC,GATACCTAAG
P5_95,GAGACCTACC,GGTAGGTCTC
P5_96,ATTGACCGAG,CTCGGTCAAT
