WellPosition,Name,Sequence,Reverse complement
A1,Round1/2/3_01,AACGTGAT,ATCACGTT
B1,Round1/2/3_02,AAACATCG,CGATGTTT
C1,Round1/2/3_03,ATGCCTAA,TTAGGCAT
D1,Round1/2/3_04,AGTGGTCA,TGACCACT
E1,Round1/2/3_05,ACCACTGT,ACAGTGGT
F1,Round1/2/3_06,ACATTGGC,GCCAATGT
G1,Round1/2/3_07,CAGATCTG,CAGATCTG
H1,Round1/2/3_08,CATCAAGT,ACTTGATG
A2,Round1/2/3_09,CGCTGATC,GATCAGCG
B2,Round1/2/3_10,ACAAGCTA,TAGCTTGT
C2,Round1/2/3_11,CTGTAGCC,GGCTACAG
D2,Round1/2/3_12,AGTACAAG,CTTGTACT
E2,Round1/2/3_13,AACAACCA,TGGTTGTT
F2,Round1/2/3_14,AACCGAGA,TCTCGGTT
G2,Round1/2/3_15,AACGCTTA,TAAGCGTT
H2,Round1/2/3_16,AAGACGGA,TCCGTCTT
A3,Round1/2/3_17,AAGGTACA,TGTACCTT
B3,Round1/2/3_18,ACACAGAA,TTCTGTGT
C3,Round1/2/3_19,ACAGCAGA,TCTGCTGT
D3,Round1/2/3_20,ACCTCCAA,TTGGAGGT
E3,Round1/2/3_21,ACGCTCGA,TCGAGCGT
F3,Round1/2/3_22,ACGTATCA,TGATACGT
G3,Round1/2/3_23,ACTATGCA,TGCATAGT
H3,Round1/2/3_24,AGAGTCAA,TTGACTCT
A4,Round1/2/3_25,AGATCGCA,TGCGATCT
B4,Round1/2/3_26,AGCAGGAA,TTCCTGCT
C4,Round1/2/3_27,AGTCACTA,TAGTGACT
D4,Round1/2/3_28,ATCCTGTA,TACAGGAT
E4,Round1/2/3_29,ATTGAGGA,TCCTCAAT
F4,Round1/2/3_30,CAACCACA,TGTGGTTG
G4,Round1/2/3_31,GACTAGTA,TACTAGTC
H4,Round1/2/3_32,CAATGGAA,TTCCATTG
A5,Round1/2/3_33,CACTTCGA,TCGAAGTG
B5,Round1/2/3_34,CAGCGTTA,TAACGCTG
C5,Round1/2/3_35,CATACCAA,TTGGTATG
D5,Round1/2/3_36,CCAGTTCA,TGAACTGG
E5,Round1/2/3_37,CCGAAGTA,TACTTCGG
F5,Round1/2/3_38,CCGTGAGA,TCTCACGG
G5,Round1/2/3_39,CCTCCTGA,TCAGGAGG
H5,Round1/2/3_40,CGAACTTA,TAAGTTCG
A6,Round1/2/3_41,CGACTGGA,TCCAGTCG
B6,Round1/2/3_42,CGCATACA,TGTATGCG
C6,Round1/2/3_43,CTCAATGA,TCATTGAG
D6,Round1/2/3_44,CTGAGCCA,TGGCTCAG
E6,Round1/2/3_45,CTGGCATA,TATGCCAG
F6,Round1/2/3_46,GAATCTGA,TCAGATTC
G6,Round1/2/3_47,CAAGACTA,TAGTCTTG
H6,Round1/2/3_48,GAGCTGAA,TTCAGCTC
A7,Round1/2/3_49,GATAGACA,TGTCTATC
B7,Round1/2/3_50,GCCACATA,TATGTGGC
C7,Round1/2/3_51,GCGAGTAA,TTACTCGC
D7,Round1/2/3_52,GCTAACGA,TCGTTAGC
E7,Round1/2/3_53,GCTCGGTA,TACCGAGC
F7,Round1/2/3_54,GGAGAACA,TGTTCTCC
G7,Round1/2/3_55,GGTGCGAA,TTCGCACC
H7,Round1/2/3_56,GTACGCAA,TTGCGTAC
A8,Round1/2/3_57,GTCGTAGA,TCTACGAC
B8,Round1/2/3_58,GTCTGTCA,TGACAGAC
C8,Round1/2/3_59,GTGTTCTA,TAGAACAC
D8,Round1/2/3_60,TAGGATGA,TCATCCTA
E8,Round1/2/3_61,TATCAGCA,TGCTGATA
F8,Round1/2/3_62,TCCGTCTA,TAGACGGA
G8,Round1/2/3_63,TCTTCACA,TGTGAAGA
H8,Round1/2/3_64,TGAAGAGA,TCTCTTCA
A9,Round1/2/3_65,TGGAACAA,TTGTTCCA
B9,Round1/2/3_66,TGGCTTCA,TGAAGCCA
C9,Round1/2/3_67,TGGTGGTA,TACCACCA
D9,Round1/2/3_68,TTCACGCA,TGCGTGAA
E9,Round1/2/3_69,AACTCACC,GGTGAGTT
F9,Round1/2/3_70,AAGAGATC,GATCTCTT
G9,Round1/2/3_71,AAGGACAC,GTGTCCTT
H9,Round1/2/3_72,AATCCGTC,GACGGATT
A10,Round1/2/3_73,AATGTTGC,GCAACATT
B10,Round1/2/3_74,ACACGACC,GGTCGTGT
C10,Round1/2/3_75,ACAGATTC,GAATCTGT
D10,Round1/2/3_76,AGATGTAC,GTACATCT
E10,Round1/2/3_77,AGCACCTC,GAGGTGCT
F10,Round1/2/3_78,AGCCATGC,GCATGGCT
G10,Round1/2/3_79,AGGCTAAC,GTTAGCCT
H10,Round1/2/3_80,ATAGCGAC,GTCGCTAT
A11,Round1/2/3_81,ATCATTCC,GGAATGAT
B11,Round1/2/3_82,ATTGGCTC,GAGCCAAT
C11,Round1/2/3_83,CAAGGAGC,GCTCCTTG
D11,Round1/2/3_84,CACCTTAC,GTAAGGTG
E11,Round1/2/3_85,CCATCCTC,GAGGATGG
F11,Round1/2/3_86,CCGACAAC,GTTGTCGG
G11,Round1/2/3_87,CCTAATCC,GGATTAGG
H11,Round1/2/3_88,CCTCTATC,GATAGAGG
A12,Round1/2/3_89,CGACACAC,GTGTGTCG
B12,Round1/2/3_90,CGGATTGC,GCAATCCG
C12,Round1/2/3_91,CTAAGGTC,GACCTTAG
D12,Round1/2/3_92,GAACAGGC,GCCTGTTC
E12,Round1/2/3_93,GACAGTGC,GCACTGTC
F12,Round1/2/3_94,GAGTTAGC,GCTAACTC
G12,Round1/2/3_95,GATGAATC,GATTCATC
H12,Round1/2/3_96,GCCAAGAC,GTCTTGGC
