Primer,Barcode i5,Reverse complement
S502,CTCTCTAT,ATAGAGAG
S503,TATCCTCT,AGAGGATA
S505,GTAAGGAG,CTCCTTAC
S506,ACTGCATA,TATGCAGT
S507,AAGGAGTA,TACTCCTT
S508,CTAAGCCT,AGGCTTAG
S510,CGTCTAAT,ATTAGACG
S511,TCTCTCCG,CGGAGAGA
X512,TCGACTAG,CTAGTCGA
X513,TTCTAGCT,AGCTAGAA
X514,CCTAGAGT,ACTCTAGG
X515,GCGTAAGA,TCTTACGC
X516,AAGGCTAT,ATAGCCTT
X517,GAGCCTTA,TAAGGCTC
X518,TTATGCGA,TCGCATAA
X519,ATCTGAGT,ACTCAGAT
X520,GGATACTA,TAGTATCC
X521,TAAGATCC,GGATCTTA
X522,AAGAGATG,CATCTCTT
X523,AATGACGT,ACGTCATT
X524,GAAGTATG,CATACTTC
X525,ATAGCCTT,AAGGCTAT
X526,TTGGAAGT,ACTTCCAA
X527,ATTCGTTG,CAACGAAT
X528,AGGATAAC,GTTATCCT
X529,TTCATCCA,TGGATGAA
X530,AACGAACG,CGTTCGTT
X531,TGCCTTAC,GTAAGGCA
X532,CGAATTCC,GGAATTCG
X533,GGTTAGAC,GTCTAACC
X534,TCCGGTAA,TTACCGGA
X535,TTACGACC,GGTCGTAA
