Name,Sequence,Reverse complement
Round3_RNA_BC01,TGACCGTACT,AGTACGGTCA
Round3_RNA_BC02,AGATATCGAG,CTCGATATCT
Round3_RNA_BC03,TTGTCCGCCA,TGGCGGACAA
Round3_RNA_BC04,TAGCTGTTGG,CCAACAGCTA
Round3_RNA_BC05,ACCAGACGTA,TACGTCTGGT
Round3_RNA_BC06,CGTTATCGTG,CACGATAACG
Round3_RNA_BC07,ATTGAACCAC,GTGGTTCAAT
Round3_RNA_BC08,TCATGTGAAG,CTTCACATGA
Round3_RNA_BC09,CTGTAATCCA,TGGATTACAG
Round3_RNA_BC10,AGGATCTATT,AATAGATCCT
Round3_RNA_BC11,AGCGGATACA,TGTATCCGCT
Round3_RNA_BC12,TGCTTGCCGT,ACGGCAAGCA
Round3_RNA_BC13,CAGTAAGGTC,GACCTTACTG
Round3_RNA_BC14,ACCTATCAGA,TCTGATAGGT
Round3_RNA_BC15,ATCGGAACCA,TGGTTCCGAT
Round3_RNA_BC16,CCATCTCTGT,ACAGAGATGG
Round3_RNA_BC17,GCTGACAACG,CGTTGTCAGC
Round3_RNA_BC18,AGTTGGAAGA,TCTTCCAACT
Round3_RNA_BC19,CTCCTATCAT,ATGATAGGAG
Round3_RNA_BC20,ACTAATGACG,CGTCATTAGT
Round3_RNA_BC21,CACAGACAAC,GTTGTCTGTG
Round3_RNA_BC22,ACGAGGATTG,CAATCCTCGT
Round3_RNA_BC23,GAACTTGTAG,CTACAAGTTC
Round3_RNA_BC24,TTCACATTCC,GGAATGTGAA
Round3_RNA_BC25,CATGTCTGCA,TGCAGACATG
Round3_RNA_BC26,AGCTAACTAC,GTAGTTAGCT
Round3_RNA_BC27,GGTTAATCAC,GTGATTAACC
Round3_RNA_BC28,ATCCAGTGCA,TGCACTGGAT
Round3_RNA_BC29,CTGGTTCTGA,TCAGAACCAG
Round3_RNA_BC30,GCCGACATTA,TAATGTCGGC
Round3_RNA_BC31,TTGAGTTCTC,GAGAACTCAA
Round3_RNA_BC32,ACTAGCTCTC,GAGAGCTAGT
Round3_RNA_BC33,GAGCGGTAAC,GTTACCGCTC
Round3_RNA_BC34,CAGTGTGGAA,TTCCACACTG
Round3_RNA_BC35,TAAGTGATCG,CGATCACTTA
Round3_RNA_BC36,ACTAGGCTTC,GAAGCCTAGT
Round3_RNA_BC37,CTAATGTGTG,CACACATTAG
Round3_RNA_BC38,ACGTATCCAA,TTGGATACGT
Round3_RNA_BC39,GAACGTGCGT,ACGCACGTTC
Round3_RNA_BC40,AGGTTAGAGC,GCTCTAACCT
Round3_RNA_BC41,CATCGTCGTA,TACGACGATG
Round3_RNA_BC42,CATTCCAAGA,TCTTGGAATG
Round3_RNA_BC43,ACTCTCTACG,CGTAGAGAGT
Round3_RNA_BC44,ACGAACCGAC,GTCGGTTCGT
Round3_RNA_BC45,TAGTTCTTGA,TCAAGAACTA
Round3_RNA_BC46,CAAGCACCGT,ACGGTGCTTG
Round3_RNA_BC47,TAGTTGGACT,AGTCCAACTA
Round3_RNA_BC48,AACATTCAGG,CCTGAATGTT
Round3_RNA_BC49,CTATCTGCTT,AAGCAGATAG
Round3_RNA_BC50,TCTACGAACG,CGTTCGTAGA
Round3_RNA_BC51,GAGGACAAGG,CCTTGTCCTC
Round3_RNA_BC52,AATGCCGTGC,GCACGGCATT
Round3_RNA_BC53,AAGAGGCTAA,TTAGCCTCTT
Round3_RNA_BC54,GGTTAGCAGA,TCTGCTAACC
Round3_RNA_BC55,GGTGACTATA,TATAGTCACC
Round3_RNA_BC56,GCAGACCAGA,TCTGGTCTGC
Round3_RNA_BC57,TCCTGATAAG,CTTATCAGGA
Round3_RNA_BC58,ACCTCGAATC,GATTCGAGGT
Round3_RNA_BC59,TAGATGCTCA,TGAGCATCTA
Round3_RNA_BC60,GAGGTACTAC,GTAGTACCTC
Round3_RNA_BC61,CTTGAAGAAG,CTTCTTCAAG
Round3_RNA_BC62,CTATTAGGCT,AGCCTAATAG
Round3_RNA_BC63,CTTGGATGCA,TGCATCCAAG
Round3_RNA_BC64,CTAGAAGGCT,AGCCTTCTAG
Round3_RNA_BC65,GTATCAGCCG,CGGCTGATAC
Round3_RNA_BC66,GCTGTCCTAG,CTAGGACAGC
Round3_RNA_BC67,GATGGTTGTT,AACAACCATC
Round3_RNA_BC68,CTAACGGCTA,TAGCCGTTAG
Round3_RNA_BC69,TAGTGTGTTG,CAACACACTA
Round3_RNA_BC70,GCATCAGAAG,CTTCTGATGC
Round3_RNA_BC71,GTGACGTTGA,TCAACGTCAC
Round3_RNA_BC72,GCAATGATTG,CAATCATTGC
Round3_RNA_BC73,GACCAATCGA,TCGATTGGTC
Round3_RNA_BC74,AGGACGTTCG,CGAACGTCCT
Round3_RNA_BC75,GTGTATCAGA,TCTGATACAC
Round3_RNA_BC76,TTCTAGGTCG,CGACCTAGAA
Round3_RNA_BC77,TAATCTGTGC,GCACAGATTA
Round3_RNA_BC78,GTGCCAATAA,TTATTGGCAC
Round3_RNA_BC79,GATACAAGAG,CTCTTGTATC
Round3_RNA_BC80,CACTGGTGGT,ACCACCAGTG
Round3_RNA_BC81,GTGAGTAGCC,GGCTACTCAC
Round3_RNA_BC82,GTGTGAAGAA,TTCTTCACAC
Round3_RNA_BC83,ACACAACGCC,GGCGTTGTGT
Round3_RNA_BC84,CATTCCTAAG,CTTAGGAATG
Round3_RNA_BC85,AGGAGACTCA,TGAGTCTCCT
Round3_RNA_BC86,CCAGTCAATC,GATTGACTGG
Round3_RNA_BC87,GTTCCATGCT,AGCATGGAAC
Round3_RNA_BC88,TTCGCACAAC,GTTGTGCGAA
Round3_RNA_BC89,GCCATTGAGG,CCTCAATGGC
Round3_RNA_BC90,ATGACTCCAA,TTGGAGTCAT
Round3_RNA_BC91,AATGATGCGG,CCGCATCATT
Round3_RNA_BC92,TGTCACAACA,TGTTGTGACA
Round3_RNA_BC93,TGGTCTACTC,GAGTAGACCA
Round3_RNA_BC94,TACCTTCGAT,ATCGAAGGTA
Round3_RNA_BC95,GATTAGAGAA,TTCTCTAATC
Round3_RNA_BC96,GAGCTAGTAA,TTACTAGCTC
